Country,Code,Year,MarketCap_GDP_Pct,MarketCap_Billion_USD,Code_Numeric
Algeria,DZA,1999,0.57,0.28,12.0
Algeria,DZA,2000,0.52,0.29,12.0
Algeria,DZA,2001,0.32,0.19,12.0
Algeria,DZA,2002,0.22,0.14,12.0
Algeria,DZA,2003,0.19,0.14,12.0
Algeria,DZA,2004,0.15,0.14,12.0
Algeria,DZA,2005,0.13,0.14,12.0
Algeria,DZA,2006,0.08,0.09,12.0
Algeria,DZA,2007,0.07,0.1,12.0
Algeria,DZA,2008,0.05,0.09,12.0
Algeria,DZA,2009,0.06,0.09,12.0
Algeria,DZA,2010,0.06,0.11,12.0
Algeria,DZA,2011,0.09,0.2,12.0
Algeria,DZA,2012,0.07,0.17,12.0
Algeria,DZA,2013,0.08,0.18,12.0
Algeria,DZA,2014,0.07,0.17,12.0
Algeria,DZA,2015,0.08,0.14,12.0
Algeria,DZA,2016,0.23,0.41,12.0
Algeria,DZA,2017,0.19,0.35,12.0
Algeria,DZA,2018,0.19,0.37,12.0
Argentina,ARG,1990,2.56,3.62,32.0
Argentina,ARG,1991,9.82,18.64,32.0
Argentina,ARG,1992,8.14,18.62,32.0
Argentina,ARG,1993,18.61,44.06,32.0
Argentina,ARG,1994,14.32,36.87,32.0
Argentina,ARG,1995,14.64,37.78,32.0
Argentina,ARG,1996,16.42,44.69,32.0
Argentina,ARG,1997,20.23,59.25,32.0
Argentina,ARG,1998,15.16,45.33,32.0
Argentina,ARG,1999,19.7,55.85,32.0
Argentina,ARG,2000,16.13,45.84,32.0
Argentina,ARG,2001,12.42,33.38,32.0
Argentina,ARG,2002,16.96,16.57,32.0
Argentina,ARG,2003,27.43,34.99,32.0
Argentina,ARG,2004,24.65,40.59,32.0
Argentina,ARG,2005,23.95,47.59,32.0
Argentina,ARG,2006,22.03,51.24,32.0
Argentina,ARG,2007,19.85,57.07,32.0
Argentina,ARG,2008,11.02,39.85,32.0
Argentina,ARG,2009,13.74,45.74,32.0
Argentina,ARG,2010,15.09,63.91,32.0
Argentina,ARG,2011,8.22,43.58,32.0
Argentina,ARG,2012,6.27,34.25,32.0
Argentina,ARG,2013,9.62,53.1,32.0
Argentina,ARG,2014,11.43,60.14,32.0
Argentina,ARG,2015,9.44,56.13,32.0
Argentina,ARG,2016,11.41,63.6,32.0
Argentina,ARG,2017,16.89,108.74,32.0
Argentina,ARG,2018,8.76,45.99,32.0
Argentina,ARG,2019,8.8,39.39,32.0
Argentina,ARG,2020,8.36,32.25,32.0
Argentina,ARG,2021,8.58,41.75,32.0
Argentina,ARG,2022,8.35,52.95,32.0
Armenia,ARM,2018,0.38,0.05,51.0
Armenia,ARM,2019,0.4,0.05,51.0
Armenia,ARM,2020,0.21,0.03,51.0
Armenia,ARM,2021,0.21,0.03,51.0
Armenia,ARM,2022,1.29,0.25,51.0
Armenia,ARM,2023,1.16,0.28,51.0
Armenia,ARM,2024,18.67,4.85,51.0
Australia,AUS,1990,34.61,107.94,36.0
Australia,AUS,1991,44.37,144.82,36.0
Australia,AUS,1992,41.46,135.15,36.0
Australia,AUS,1993,65.41,204.46,36.0
Australia,AUS,1994,67.7,218.87,36.0
Australia,AUS,1995,66.5,245.22,36.0
Australia,AUS,1996,77.74,312.48,36.0
Australia,AUS,1997,67.79,295.77,36.0
Australia,AUS,1998,82.16,328.93,36.0
Australia,AUS,1999,109.6,427.84,36.0
Australia,AUS,2000,89.42,372.79,36.0
Australia,AUS,2001,98.63,375.13,36.0
Australia,AUS,2002,95.88,380.09,36.0
Australia,AUS,2003,124.98,585.53,36.0
Australia,AUS,2004,126.11,776.4,36.0
Australia,AUS,2005,115.38,804.01,36.0
Australia,AUS,2006,146.17,1095.86,36.0
Australia,AUS,2007,151.57,1298.32,36.0
Australia,AUS,2008,64.61,683.87,36.0
Australia,AUS,2009,135.43,1261.91,36.0
Australia,AUS,2010,126.2,1454.49,36.0
Australia,AUS,2011,85.41,1198.19,36.0
Australia,AUS,2012,89.32,1386.87,36.0
Australia,AUS,2013,86.25,1365.96,36.0
Australia,AUS,2014,87.39,1288.71,36.0
Australia,AUS,2015,87.49,1187.08,36.0
Australia,AUS,2016,104.7,1268.49,36.0
Australia,AUS,2017,113.34,1508.46,36.0
Australia,AUS,2018,88.11,1262.8,36.0
Australia,AUS,2019,106.38,1487.6,36.0
Australia,AUS,2020,129.04,1720.56,36.0
Australia,AUS,2021,120.94,1887.4,36.0
Australia,AUS,2022,99.03,1679.17,36.0
Australia,AUS,2023,103.13,1788.73,36.0
Australia,AUS,2024,98.87,1737.11,36.0
Australia,AUS,2025,113.87,2047.92,36.0
Austria,AUT,1990,15.87,26.32,40.0
Austria,AUT,1991,14.0,24.23,40.0
Austria,AUT,1992,10.16,19.75,40.0
Austria,AUT,1993,13.84,26.24,40.0
Austria,AUT,1994,14.22,28.82,40.0
Austria,AUT,1995,12.75,30.62,40.0
Austria,AUT,1996,13.53,31.91,40.0
Austria,AUT,1997,17.39,36.82,40.0
Austria,AUT,1998,1.2,2.6,40.0
Austria,AUT,1999,15.26,33.02,40.0
Austria,AUT,2000,15.26,29.94,40.0
Austria,AUT,2001,12.83,25.2,40.0
Austria,AUT,2002,15.78,33.58,40.0
Austria,AUT,2003,21.67,56.52,40.0
Austria,AUT,2004,29.34,87.78,40.0
Austria,AUT,2005,40.21,126.25,40.0
Austria,AUT,2006,57.73,192.77,40.0
Austria,AUT,2007,61.14,236.45,40.0
Austria,AUT,2008,17.77,76.29,40.0
Austria,AUT,2009,28.57,114.08,40.0
Austria,AUT,2010,32.33,126.03,40.0
Austria,AUT,2011,19.88,85.27,40.0
Austria,AUT,2012,26.07,106.04,40.0
Austria,AUT,2013,27.58,117.67,40.0
Austria,AUT,2014,22.07,96.79,40.0
Austria,AUT,2015,25.31,96.08,40.0
Austria,AUT,2016,30.73,120.98,40.0
Austria,AUT,2017,36.31,150.65,40.0
Austria,AUT,2018,25.81,116.8,40.0
Austria,AUT,2019,30.05,133.1,40.0
Austria,AUT,2020,30.41,132.08,40.0
Austria,AUT,2021,33.9,162.89,40.0
Austria,AUT,2022,26.0,123.05,40.0
Austria,AUT,2023,26.83,138.63,40.0
Austria,AUT,2024,22.58,120.78,40.0
Austria,AUT,2025,36.44,211.14,40.0
Azerbaijan,AZE,1998,0.07,0.0,31.0
Azerbaijan,AZE,1999,0.07,0.0,31.0
Azerbaijan,AZE,2019,4.51,2.17,31.0
Azerbaijan,AZE,2020,3.36,1.43,31.0
Azerbaijan,AZE,2021,2.91,1.6,31.0
Azerbaijan,AZE,2022,1.86,1.47,31.0
Azerbaijan,AZE,2023,2.18,1.58,31.0
Azerbaijan,AZE,2024,2.2,1.64,31.0
Azerbaijan,AZE,2025,2.07,1.57,31.0
Bahrain,BHR,1996,67.91,4.71,48.0
Bahrain,BHR,1997,108.5,7.83,48.0
Bahrain,BHR,1998,96.27,6.77,48.0
Bahrain,BHR,1999,95.09,7.16,48.0
Bahrain,BHR,2000,73.09,6.62,48.0
Bahrain,BHR,2001,73.52,6.6,48.0
Bahrain,BHR,2002,78.01,7.48,48.0
Bahrain,BHR,2003,86.93,9.63,48.0
Bahrain,BHR,2004,102.97,13.54,48.0
Bahrain,BHR,2005,108.74,17.36,48.0
Bahrain,BHR,2006,114.15,21.12,48.0
Bahrain,BHR,2007,124.66,27.09,48.0
Bahrain,BHR,2008,77.58,19.95,48.0
Bahrain,BHR,2009,70.9,16.26,48.0
Bahrain,BHR,2010,74.83,20.06,48.0
Bahrain,BHR,2011,55.46,16.59,48.0
Bahrain,BHR,2014,63.46,22.07,48.0
Bahrain,BHR,2015,59.19,19.25,48.0
Bahrain,BHR,2016,57.24,19.39,48.0
Bahrain,BHR,2017,58.34,21.71,48.0
Bahrain,BHR,2018,55.25,21.86,48.0
Bahrain,BHR,2019,66.46,26.88,48.0
Bahrain,BHR,2020,68.67,24.61,48.0
Bahrain,BHR,2021,70.24,28.69,48.0
Bahrain,BHR,2022,65.14,30.26,48.0
Bahrain,BHR,2023,44.61,20.61,48.0
Bahrain,BHR,2024,43.23,20.41,48.0
Bahrain,BHR,2025,43.52,21.31,48.0
Bangladesh,BGD,1993,1.4,0.46,50.0
Bangladesh,BGD,1994,3.02,1.02,50.0
Bangladesh,BGD,1995,5.08,1.93,50.0
Bangladesh,BGD,1996,15.9,7.38,50.0
Bangladesh,BGD,1997,5.74,2.77,50.0
Bangladesh,BGD,1998,4.06,2.03,50.0
Bangladesh,BGD,1999,3.05,1.56,50.0
Bangladesh,BGD,2000,4.11,2.19,50.0
Bangladesh,BGD,2001,1.81,0.98,50.0
Bangladesh,BGD,2002,27.21,14.89,50.0
Bangladesh,BGD,2005,4.75,3.3,50.0
Bangladesh,BGD,2006,5.36,3.85,50.0
Bangladesh,BGD,2007,10.97,8.73,50.0
Bangladesh,BGD,2008,12.79,11.72,50.0
Bangladesh,BGD,2009,20.42,20.93,50.0
Bangladesh,BGD,2010,36.1,41.62,50.0
Bangladesh,BGD,2011,37.09,47.7,50.0
Bangladesh,BGD,2013,34.11,51.16,50.0
Bangladesh,BGD,2014,39.6,68.46,50.0
Bangladesh,BGD,2015,33.56,65.48,50.0
Bangladesh,BGD,2016,26.55,70.42,50.0
Bangladesh,BGD,2017,29.34,86.18,50.0
Bangladesh,BGD,2018,24.08,77.39,50.0
Bangladesh,BGD,2019,18.34,64.42,50.0
Bangladesh,BGD,2020,24.0,89.77,50.0
Bangladesh,BGD,2021,26.25,109.26,50.0
Bangladesh,BGD,2022,25.04,115.23,50.0
Bangladesh,BGD,2023,25.5,111.56,50.0
Bangladesh,BGD,2024,19.54,87.94,50.0
Bangladesh,BGD,2025,5.75,26.22,50.0
Barbados,BRB,1993,15.84,0.33,52.0
Barbados,BRB,1994,23.94,0.52,52.0
Barbados,BRB,1995,22.18,0.49,52.0
Barbados,BRB,1996,32.4,0.77,52.0
Barbados,BRB,1997,45.43,1.14,52.0
Barbados,BRB,1998,62.24,1.75,52.0
Barbados,BRB,1999,68.98,2.04,52.0
Barbados,BRB,2000,55.78,1.71,52.0
Barbados,BRB,2001,60.15,1.84,52.0
Barbados,BRB,2010,40.28,2.19,52.0
Barbados,BRB,2011,82.1,4.57,52.0
Barbados,BRB,2013,70.41,3.99,52.0
Barbados,BRB,2014,47.21,2.68,52.0
Barbados,BRB,2015,51.74,2.95,52.0
Barbados,BRB,2016,54.53,3.1,52.0
Barbados,BRB,2017,57.31,3.35,52.0
Barbados,BRB,2018,59.02,3.54,52.0
Barbados,BRB,2019,55.1,3.4,52.0
Barbados,BRB,2020,51.46,2.78,52.0
Belarus,BLR,2014,0.73,0.57,112.0
Belarus,BLR,2015,0.95,0.53,112.0
Belarus,BLR,2016,2.6,1.24,112.0
Belarus,BLR,2021,4.06,2.83,112.0
Belarus,BLR,2022,3.38,2.5,112.0
Belarus,BLR,2023,4.72,3.42,112.0
Belarus,BLR,2024,7.65,6.01,112.0
Belarus,BLR,2025,5.93,5.54,112.0
Belgium,BEL,1990,31.87,65.45,56.0
Belgium,BEL,1991,33.78,71.11,56.0
Belgium,BEL,1992,27.3,64.1,56.0
Belgium,BEL,1993,34.7,77.98,56.0
Belgium,BEL,1994,34.35,84.12,56.0
Belgium,BEL,1995,35.21,101.42,56.0
Belgium,BEL,1996,42.55,118.8,56.0
Belgium,BEL,1997,54.19,136.93,56.0
Belgium,BEL,1998,94.39,244.04,56.0
Belgium,BEL,1999,71.3,184.14,56.0
Belgium,BEL,2000,77.06,182.48,56.0
Belgium,BEL,2001,70.05,165.84,56.0
Belgium,BEL,2002,49.37,127.56,56.0
Belgium,BEL,2003,54.56,173.55,56.0
Belgium,BEL,2004,74.01,273.25,56.0
Belgium,BEL,2005,74.79,288.48,56.0
Belgium,BEL,2006,97.04,396.17,56.0
Belgium,BEL,2007,81.87,385.55,56.0
Belgium,BEL,2008,32.32,167.22,56.0
Belgium,BEL,2009,53.56,259.77,56.0
Belgium,BEL,2010,55.8,268.73,56.0
Belgium,BEL,2011,43.5,229.32,56.0
Belgium,BEL,2012,60.09,299.52,56.0
Belgium,BEL,2013,71.42,374.33,56.0
Belgium,BEL,2014,70.36,378.53,56.0
Belgium,BEL,2015,89.92,414.56,56.0
Belgium,BEL,2016,79.73,378.14,56.0
Belgium,BEL,2017,87.4,437.79,56.0
Belgium,BEL,2018,59.17,321.09,56.0
Bermuda,BMU,2000,61.66,2.15,60.0
Bermuda,BMU,2001,69.5,2.56,60.0
Bermuda,BMU,2002,54.68,2.15,60.0
Bermuda,BMU,2003,69.29,2.9,60.0
Bermuda,BMU,2004,41.24,1.85,60.0
Bermuda,BMU,2005,43.65,2.12,60.0
Bermuda,BMU,2006,44.0,2.7,60.0
Bermuda,BMU,2007,40.36,2.73,60.0
Bermuda,BMU,2008,27.4,1.91,60.0
Bermuda,BMU,2009,20.44,1.36,60.0
Bermuda,BMU,2010,23.14,1.53,60.0
Bermuda,BMU,2011,19.52,1.23,60.0
Bermuda,BMU,2012,23.31,1.49,60.0
Bermuda,BMU,2013,22.69,1.47,60.0
Bermuda,BMU,2014,24.97,1.6,60.0
Bermuda,BMU,2015,27.8,1.85,60.0
Bermuda,BMU,2016,36.55,2.52,60.0
Bermuda,BMU,2017,38.07,2.72,60.0
Bermuda,BMU,2018,33.12,2.39,60.0
Bermuda,BMU,2019,39.94,2.97,60.0
Bermuda,BMU,2020,3.2,0.22,60.0
Bermuda,BMU,2021,3.36,0.24,60.0
Bermuda,BMU,2022,2.66,0.21,60.0
Bermuda,BMU,2023,2.23,0.19,60.0
Bermuda,BMU,2024,20.97,1.93,60.0
Bermuda,BMU,2025,,2.26,60.0
Botswana,BWA,1993,5.5,0.23,72.0
Botswana,BWA,1994,6.23,0.27,72.0
Botswana,BWA,1995,8.4,0.4,72.0
Botswana,BWA,1996,6.77,0.33,72.0
Botswana,BWA,1997,12.21,0.61,72.0
Botswana,BWA,1998,15.11,0.72,72.0
Botswana,BWA,1999,19.18,1.05,72.0
Botswana,BWA,2000,16.89,0.98,72.0
Botswana,BWA,2018,23.69,4.03,72.0
Botswana,BWA,2019,21.29,3.56,72.0
Botswana,BWA,2020,22.03,3.3,72.0
Botswana,BWA,2021,16.85,3.16,72.0
Botswana,BWA,2022,152.67,31.02,72.0
Botswana,BWA,2023,18.52,3.59,72.0
Botswana,BWA,2024,20.21,3.9,72.0
Botswana,BWA,2025,21.47,4.28,72.0
Brazil,BRA,2000,34.5,226.15,76.0
Brazil,BRA,2001,33.26,186.24,76.0
Brazil,BRA,2002,24.87,126.76,76.0
Brazil,BRA,2003,42.02,234.56,76.0
Brazil,BRA,2004,49.36,330.35,76.0
Brazil,BRA,2005,53.23,474.65,76.0
Brazil,BRA,2006,64.12,710.25,76.0
Brazil,BRA,2007,98.04,1369.71,76.0
Brazil,BRA,2008,34.91,591.97,76.0
Brazil,BRA,2009,80.22,1337.25,76.0
Brazil,BRA,2010,69.97,1545.57,76.0
Brazil,BRA,2011,46.97,1228.94,76.0
Brazil,BRA,2012,49.79,1227.45,76.0
Brazil,BRA,2013,41.27,1020.46,76.0
Brazil,BRA,2014,34.36,843.89,76.0
Brazil,BRA,2015,27.22,490.53,76.0
Brazil,BRA,2016,42.24,758.56,76.0
Brazil,BRA,2017,46.27,954.72,76.0
Brazil,BRA,2018,47.83,916.82,76.0
Brazil,BRA,2019,63.38,1187.36,76.0
Brazil,BRA,2020,66.96,988.37,76.0
Brazil,BRA,2021,48.84,815.88,76.0
Brazil,BRA,2022,40.7,794.42,76.0
Brazil,BRA,2023,45.24,991.2,76.0
Brazil,BRA,2024,30.14,658.91,76.0
Brazil,BRA,2025,38.22,871.44,76.0
Bulgaria,BGR,1993,0.11,0.01,100.0
Bulgaria,BGR,1994,0.5,0.05,100.0
Bulgaria,BGR,1995,0.31,0.06,100.0
Bulgaria,BGR,1996,0.05,0.01,100.0
Bulgaria,BGR,1998,0.96,0.14,100.0
Bulgaria,BGR,1999,0.75,0.1,100.0
Bulgaria,BGR,2000,0.97,0.13,100.0
Bulgaria,BGR,2001,0.58,0.08,100.0
Bulgaria,BGR,2002,4.4,0.72,100.0
Bulgaria,BGR,2003,8.3,1.76,100.0
Bulgaria,BGR,2004,10.72,2.8,100.0
Bulgaria,BGR,2005,17.03,5.09,100.0
Bulgaria,BGR,2006,30.03,10.32,100.0
Bulgaria,BGR,2007,48.76,21.67,100.0
Bulgaria,BGR,2008,16.3,8.88,100.0
Bulgaria,BGR,2009,16.63,8.65,100.0
Bulgaria,BGR,2010,14.55,7.38,100.0
Bulgaria,BGR,2011,14.31,8.25,100.0
Bulgaria,BGR,2018,23.68,15.65,100.0
Bulgaria,BGR,2019,23.35,16.0,100.0
Bulgaria,BGR,2020,25.12,17.71,100.0
Bulgaria,BGR,2021,20.18,17.02,100.0
Bulgaria,BGR,2022,17.35,15.7,100.0
Bulgaria,BGR,2023,7.67,7.84,100.0
Bulgaria,BGR,2024,7.42,8.41,100.0
Bulgaria,BGR,2025,8.55,11.18,100.0
Canada,CAN,1990,76.95,458.68,124.0
Canada,CAN,1991,83.04,508.63,124.0
Canada,CAN,1992,77.05,457.95,124.0
Canada,CAN,1993,102.84,595.52,124.0
Canada,CAN,1994,99.27,575.72,124.0
Canada,CAN,1995,110.86,671.74,124.0
Canada,CAN,1996,139.52,879.8,124.0
Canada,CAN,1997,154.28,1010.51,124.0
Canada,CAN,1998,170.65,1081.93,124.0
Canada,CAN,1999,213.48,1448.28,124.0
Canada,CAN,2000,103.5,770.84,124.0
Canada,CAN,2001,83.26,615.27,124.0
Canada,CAN,2002,116.83,888.68,124.0
Canada,CAN,2003,101.64,910.23,124.0
Canada,CAN,2004,114.69,1177.52,124.0
Canada,CAN,2005,126.35,1482.18,124.0
Canada,CAN,2006,128.91,1700.71,124.0
Canada,CAN,2007,148.86,2186.55,124.0
Canada,CAN,2008,66.56,1033.65,124.0
Canada,CAN,2009,122.03,1677.43,124.0
Canada,CAN,2010,134.24,2171.19,124.0
Canada,CAN,2011,106.67,1912.87,124.0
Canada,CAN,2012,112.67,2059.97,124.0
Canada,CAN,2013,114.47,2113.82,124.0
Canada,CAN,2014,116.04,2095.42,124.0
Canada,CAN,2015,102.37,1593.4,124.0
Canada,CAN,2016,130.47,1993.52,124.0
Canada,CAN,2017,143.52,2367.06,124.0
Canada,CAN,2018,112.32,1937.9,124.0
Canada,CAN,2019,138.16,2409.1,124.0
Canada,CAN,2020,159.54,2641.46,124.0
Canada,CAN,2021,163.31,3302.82,124.0
Canada,CAN,2022,125.46,2760.87,124.0
Canada,CAN,2023,141.09,3099.14,124.0
Canada,CAN,2024,148.65,3374.48,124.0
Canada,CAN,2025,199.2,4621.23,124.0
Cayman Islands,CYM,1997,,0.17,
Cayman Islands,CYM,1998,,0.17,
Cayman Islands,CYM,1999,,0.06,
Cayman Islands,CYM,2000,,0.22,
Cayman Islands,CYM,2001,,0.19,
Cayman Islands,CYM,2002,,0.14,
Cayman Islands,CYM,2003,,2.75,
Cayman Islands,CYM,2004,,2.48,
Cayman Islands,CYM,2005,,1.81,
Cayman Islands,CYM,2006,3.76,0.16,
Cayman Islands,CYM,2007,3.69,0.16,
Cayman Islands,CYM,2008,3.47,0.16,
Cayman Islands,CYM,2009,3.95,0.17,
Cayman Islands,CYM,2010,5.73,0.24,
Cayman Islands,CYM,2011,54.37,2.28,
Cayman Islands,CYM,2012,46.76,2.01,
Cayman Islands,CYM,2015,6.7,0.32,
Cayman Islands,CYM,2018,7.92,0.44,
Cayman Islands,CYM,2019,6.38,0.38,
Cayman Islands,CYM,2020,11.39,0.64,
Channel Islands,CHI,1998,2.68,0.16,
Channel Islands,CHI,1999,3.95,0.25,
Channel Islands,CHI,2000,3.96,0.26,
Channel Islands,CHI,2001,7.29,0.45,
Channel Islands,CHI,2002,3.99,0.27,
Channel Islands,CHI,2003,3.1,0.23,
Channel Islands,CHI,2004,2.15,0.18,
Channel Islands,CHI,2005,6.09,0.54,
Channel Islands,CHI,2006,15.29,1.48,
Chile,CHL,1991,73.6,28.14,152.0
Chile,CHL,1992,69.31,32.26,152.0
Chile,CHL,1993,89.78,44.83,152.0
Chile,CHL,1994,118.48,68.05,152.0
Chile,CHL,1995,98.79,72.93,152.0
Chile,CHL,1996,83.95,65.97,152.0
Chile,CHL,1997,84.03,72.05,152.0
Chile,CHL,1998,63.26,51.87,152.0
Chile,CHL,1999,90.27,68.23,152.0
Chile,CHL,2000,77.1,60.4,152.0
Chile,CHL,2001,78.67,56.31,152.0
Chile,CHL,2002,70.91,49.83,152.0
Chile,CHL,2003,113.12,86.53,152.0
Chile,CHL,2004,118.01,116.92,152.0
Chile,CHL,2005,111.61,136.49,152.0
Chile,CHL,2006,113.37,174.42,152.0
Chile,CHL,2007,123.43,212.91,152.0
Chile,CHL,2008,73.27,131.81,152.0
Chile,CHL,2009,134.32,230.73,152.0
Chile,CHL,2010,157.47,341.8,152.0
Chile,CHL,2011,107.52,270.29,152.0
Chile,CHL,2012,117.34,313.33,152.0
Chile,CHL,2013,95.59,265.15,152.0
Chile,CHL,2014,89.86,233.25,152.0
Chile,CHL,2015,78.51,190.35,152.0
Chile,CHL,2016,85.22,212.48,152.0
Chile,CHL,2017,106.71,294.68,152.0
Chile,CHL,2018,85.49,252.92,152.0
Chile,CHL,2019,73.23,203.79,152.0
Chile,CHL,2020,72.63,184.55,152.0
Chile,CHL,2021,82.26,259.53,152.0
Chile,CHL,2022,94.73,285.23,152.0
Chile,CHL,2023,85.78,288.05,152.0
Chile,CHL,2024,79.58,262.01,152.0
Chile,CHL,2025,136.2,486.73,152.0
China,CHN,2003,30.46,512.98,156.0
China,CHN,2004,22.56,447.72,156.0
China,CHN,2005,17.34,401.85,156.0
China,CHN,2006,41.03,1145.45,156.0
China,CHN,2007,124.27,4478.87,156.0
China,CHN,2008,38.11,1778.78,156.0
China,CHN,2009,68.85,3573.15,156.0
China,CHN,2010,65.04,4027.84,156.0
China,CHN,2011,44.48,3412.11,156.0
China,CHN,2012,42.63,3697.38,156.0
China,CHN,2013,40.53,3949.14,156.0
China,CHN,2014,56.25,6004.95,156.0
China,CHN,2015,72.58,8188.02,156.0
China,CHN,2016,63.9,7320.74,156.0
China,CHN,2017,69.48,8711.27,156.0
China,CHN,2018,44.71,6324.88,156.0
China,CHN,2019,58.86,8569.51,156.0
China,CHN,2020,81.86,12276.77,156.0
China,CHN,2021,79.32,14437.45,156.0
China,CHN,2022,62.62,11469.35,156.0
China,CHN,2023,59.86,10935.85,156.0
China,CHN,2024,62.77,11755.76,156.0
China,CHN,2025,79.54,15508.86,156.0
Colombia,COL,2005,34.68,50.5,170.0
Colombia,COL,2006,34.74,56.2,170.0
Colombia,COL,2007,49.44,101.96,170.0
Colombia,COL,2008,36.17,87.72,170.0
Colombia,COL,2009,60.45,140.52,170.0
Colombia,COL,2010,72.78,208.5,170.0
Colombia,COL,2011,60.09,201.3,170.0
Colombia,COL,2012,70.71,262.1,170.0
Colombia,COL,2013,53.05,202.69,170.0
Colombia,COL,2014,38.49,146.75,170.0
Colombia,COL,2015,29.29,85.96,170.0
Colombia,COL,2016,36.72,103.82,170.0
Colombia,COL,2017,38.95,121.48,170.0
Colombia,COL,2018,31.07,103.85,170.0
Colombia,COL,2019,40.88,132.04,170.0
Colombia,COL,2020,39.33,106.32,170.0
Colombia,COL,2021,28.43,90.54,170.0
Colombia,COL,2022,19.79,68.41,170.0
Colombia,COL,2023,21.59,79.21,170.0
Colombia,COL,2024,17.27,72.64,170.0
Colombia,COL,2025,28.97,132.51,170.0
Costa Rica,CRI,1993,3.73,0.36,188.0
Costa Rica,CRI,1995,5.33,0.62,188.0
Costa Rica,CRI,1996,6.7,0.78,188.0
Costa Rica,CRI,1997,6.52,0.82,188.0
Costa Rica,CRI,1998,9.56,1.31,188.0
Costa Rica,CRI,1999,16.19,2.31,188.0
Costa Rica,CRI,2003,3.01,0.52,188.0
Costa Rica,CRI,2004,8.37,1.56,188.0
Costa Rica,CRI,2005,7.54,1.51,188.0
Costa Rica,CRI,2006,8.28,1.88,188.0
Costa Rica,CRI,2007,8.12,2.18,188.0
Costa Rica,CRI,2008,6.19,1.91,188.0
Costa Rica,CRI,2009,4.78,1.47,188.0
Costa Rica,CRI,2010,3.84,1.44,188.0
Costa Rica,CRI,2011,3.5,1.5,188.0
Costa Rica,CRI,2013,3.83,1.95,188.0
Costa Rica,CRI,2014,4.9,2.55,188.0
Costa Rica,CRI,2015,4.17,2.35,188.0
Costa Rica,CRI,2016,4.96,2.92,188.0
Costa Rica,CRI,2017,4.98,3.01,188.0
Costa Rica,CRI,2018,3.84,2.4,188.0
Costa Rica,CRI,2019,3.42,2.22,188.0
Costa Rica,CRI,2020,3.03,1.9,188.0
Costa Rica,CRI,2021,3.11,2.04,188.0
Costa Rica,CRI,2022,3.14,2.23,188.0
Cote d'Ivoire,CIV,1993,3.01,0.33,384.0
Cote d'Ivoire,CIV,1994,0.23,0.02,384.0
Cote d'Ivoire,CIV,1995,0.57,0.06,384.0
Cote d'Ivoire,CIV,1996,0.34,0.06,384.0
Cote d'Ivoire,CIV,1998,9.3,1.83,384.0
Cote d'Ivoire,CIV,1999,6.85,1.29,384.0
Cote d'Ivoire,CIV,2000,2.63,0.44,384.0
Cote d'Ivoire,CIV,2001,5.85,0.98,384.0
Cote d'Ivoire,CIV,2002,7.28,1.31,384.0
Cote d'Ivoire,CIV,2003,7.76,1.65,384.0
Cote d'Ivoire,CIV,2004,8.86,2.08,384.0
Cote d'Ivoire,CIV,2005,9.7,2.33,384.0
Cote d'Ivoire,CIV,2006,16.44,4.16,384.0
Cote d'Ivoire,CIV,2007,28.88,8.31,384.0
Cote d'Ivoire,CIV,2008,20.8,7.09,384.0
Cote d'Ivoire,CIV,2009,18.07,6.12,384.0
Cote d'Ivoire,CIV,2010,20.49,7.16,384.0
Cote d'Ivoire,CIV,2011,17.14,6.29,384.0
Cote d'Ivoire,CIV,2013,27.64,11.82,384.0
Cote d'Ivoire,CIV,2014,23.98,11.71,384.0
Cote d'Ivoire,CIV,2015,27.27,12.49,384.0
Cote d'Ivoire,CIV,2016,25.54,12.36,384.0
Cote d'Ivoire,CIV,2017,23.78,12.49,384.0
Cote d'Ivoire,CIV,2018,14.44,8.45,384.0
Cote d'Ivoire,CIV,2019,13.41,8.1,384.0
Cote d'Ivoire,CIV,2020,11.63,7.33,384.0
Croatia,HRV,1994,3.41,0.51,191.0
Croatia,HRV,1995,3.92,0.89,191.0
Croatia,HRV,1996,12.35,2.98,191.0
Croatia,HRV,1997,17.51,4.23,191.0
Croatia,HRV,1998,11.31,2.93,191.0
Croatia,HRV,1999,10.55,2.51,191.0
Croatia,HRV,2000,12.4,2.74,191.0
Croatia,HRV,2001,13.56,3.13,191.0
Croatia,HRV,2002,30.31,8.11,191.0
Croatia,HRV,2003,17.38,6.13,191.0
Croatia,HRV,2004,26.19,10.96,191.0
Croatia,HRV,2005,28.7,12.92,191.0
Croatia,HRV,2006,58.5,29.01,191.0
Croatia,HRV,2007,118.44,70.22,191.0
Croatia,HRV,2008,39.62,27.13,191.0
Croatia,HRV,2009,42.72,26.62,191.0
Croatia,HRV,2010,43.4,25.6,191.0
Croatia,HRV,2011,35.87,22.56,191.0
Croatia,HRV,2013,35.9,21.48,191.0
Croatia,HRV,2014,33.61,20.04,191.0
Croatia,HRV,2015,36.11,18.41,191.0
Croatia,HRV,2016,38.33,20.18,191.0
Croatia,HRV,2017,40.52,22.76,191.0
Croatia,HRV,2018,33.46,20.63,191.0
Croatia,HRV,2019,36.54,22.46,191.0
Croatia,HRV,2020,38.35,22.23,191.0
Croatia,HRV,2021,30.41,20.98,191.0
Croatia,HRV,2022,27.16,19.34,191.0
Croatia,HRV,2023,29.61,25.35,191.0
Croatia,HRV,2024,29.92,27.82,191.0
Croatia,HRV,2025,36.08,37.9,191.0
Cyprus,CYP,2006,80.5,16.16,196.0
Cyprus,CYP,2007,71.97,17.25,196.0
Cyprus,CYP,2008,28.57,7.99,196.0
Cyprus,CYP,2009,39.42,10.27,196.0
Cyprus,CYP,2010,26.49,6.83,196.0
Cyprus,CYP,2011,10.32,2.85,196.0
Cyprus,CYP,2012,7.97,2.0,196.0
Cyprus,CYP,2013,8.78,2.1,196.0
Cyprus,CYP,2014,17.36,4.03,196.0
Cyprus,CYP,2015,13.52,2.69,196.0
Cyprus,CYP,2016,11.93,2.51,196.0
Cyprus,CYP,2017,12.3,2.82,196.0
Cyprus,CYP,2018,12.87,3.31,196.0
Cyprus,CYP,2019,16.36,4.28,196.0
Cyprus,CYP,2020,18.36,4.69,196.0
Cyprus,CYP,2021,18.61,5.65,196.0
Cyprus,CYP,2022,20.93,6.53,196.0
Cyprus,CYP,2023,29.59,10.38,196.0
Cyprus,CYP,2024,29.04,10.93,196.0
Cyprus,CYP,2025,67.74,27.93,196.0
Czechia,CZE,1993,4.23,1.74,203.0
Czechia,CZE,1994,12.63,6.08,203.0
Czechia,CZE,1995,15.16,9.19,203.0
Czechia,CZE,1996,21.01,14.25,203.0
Czechia,CZE,1997,17.3,10.82,203.0
Czechia,CZE,1998,15.52,10.43,203.0
Czechia,CZE,1999,16.14,10.58,203.0
Czechia,CZE,2000,15.68,9.75,203.0
Czechia,CZE,2001,11.96,8.15,203.0
Czechia,CZE,2002,12.42,10.26,203.0
Czechia,CZE,2003,15.44,15.51,203.0
Czechia,CZE,2004,22.38,26.89,203.0
Czechia,CZE,2005,25.42,34.89,203.0
Czechia,CZE,2006,28.4,44.37,203.0
Czechia,CZE,2007,36.26,68.91,203.0
Czechia,CZE,2008,17.3,40.91,203.0
Czechia,CZE,2018,10.7,26.96,203.0
Czechia,CZE,2019,10.25,26.31,203.0
Czechia,CZE,2020,10.6,26.61,203.0
Czechia,CZE,2021,12.88,37.47,203.0
Czechia,CZE,2022,9.54,28.81,203.0
Czechia,CZE,2023,10.04,34.66,203.0
Czechia,CZE,2024,9.97,34.62,203.0
Czechia,CZE,2025,14.16,55.36,203.0
Denmark,DNK,1990,28.26,39.06,208.0
Denmark,DNK,1991,32.18,44.79,208.0
Denmark,DNK,1992,21.24,32.49,208.0
Denmark,DNK,1993,27.9,39.93,208.0
Denmark,DNK,1994,30.13,47.0,208.0
Denmark,DNK,1995,30.42,56.22,208.0
Denmark,DNK,1996,37.91,71.08,208.0
Denmark,DNK,1997,54.13,93.77,208.0
Denmark,DNK,1998,55.9,98.88,208.0
Denmark,DNK,1999,54.78,97.45,208.0
Denmark,DNK,2000,68.16,111.82,208.0
Denmark,DNK,2001,51.64,85.15,208.0
Denmark,DNK,2002,42.93,76.75,208.0
Denmark,DNK,2003,55.69,121.64,208.0
Denmark,DNK,2004,60.06,151.35,208.0
Ecuador,ECU,1995,10.5,2.57,218.0
Ecuador,ECU,1996,7.97,2.01,218.0
Ecuador,ECU,1997,7.18,2.02,218.0
Ecuador,ECU,1998,5.56,1.56,218.0
Ecuador,ECU,1999,2.66,0.52,218.0
Ecuador,ECU,2000,4.26,0.75,218.0
"Egypt, Arab Rep.",EGY,2006,87.03,93.5,818.0
"Egypt, Arab Rep.",EGY,2007,106.77,139.27,818.0
"Egypt, Arab Rep.",EGY,2008,52.81,85.98,818.0
"Egypt, Arab Rep.",EGY,2009,48.22,91.21,818.0
"Egypt, Arab Rep.",EGY,2010,38.49,84.28,818.0
"Egypt, Arab Rep.",EGY,2011,20.7,48.85,818.0
"Egypt, Arab Rep.",EGY,2012,21.2,59.18,818.0
"Egypt, Arab Rep.",EGY,2013,21.37,61.63,818.0
"Egypt, Arab Rep.",EGY,2014,22.93,70.08,818.0
"Egypt, Arab Rep.",EGY,2015,16.76,55.19,818.0
"Egypt, Arab Rep.",EGY,2016,10.02,33.32,818.0
"Egypt, Arab Rep.",EGY,2017,18.74,46.55,818.0
"Egypt, Arab Rep.",EGY,2018,16.0,42.01,818.0
"Egypt, Arab Rep.",EGY,2019,13.87,44.2,818.0
"Egypt, Arab Rep.",EGY,2020,10.77,41.35,818.0
"Egypt, Arab Rep.",EGY,2021,11.48,48.73,818.0
"Egypt, Arab Rep.",EGY,2022,8.15,38.85,818.0
"Egypt, Arab Rep.",EGY,2023,14.03,55.57,818.0
"Egypt, Arab Rep.",EGY,2024,10.95,42.6,818.0
"Egypt, Arab Rep.",EGY,2025,17.21,62.88,818.0
Eswatini,SWZ,1994,23.86,0.34,748.0
Eswatini,SWZ,1995,19.94,0.34,748.0
Eswatini,SWZ,1996,29.4,0.47,748.0
Eswatini,SWZ,1997,7.54,0.13,748.0
Eswatini,SWZ,1998,5.39,0.09,748.0
Eswatini,SWZ,1999,6.13,0.09,748.0
Eswatini,SWZ,2000,4.3,0.07,748.0
Eswatini,SWZ,2001,8.46,0.13,748.0
Eswatini,SWZ,2002,10.6,0.15,748.0
Eswatini,SWZ,2003,8.01,0.17,748.0
Eswatini,SWZ,2004,8.19,0.22,748.0
Eswatini,SWZ,2005,6.34,0.2,748.0
Eswatini,SWZ,2006,6.14,0.2,748.0
Eswatini,SWZ,2007,6.91,0.23,748.0
Europe & Central Asia (excluding high income),ECA,1998,11.68,35.34,
Europe & Central Asia (excluding high income),ECA,1999,43.15,112.72,
Europe & Central Asia (excluding high income),ECA,2000,25.37,69.71,
Europe & Central Asia (excluding high income),ECA,2002,14.07,37.33,
Europe & Central Asia (excluding high income),ECA,2003,19.53,72.23,
Europe & Central Asia (excluding high income),ECA,2004,21.97,105.5,
Europe & Central Asia (excluding high income),ECA,2005,29.9,177.52,
Europe & Central Asia (excluding high income),ECA,2006,32.71,220.43,
Europe & Central Asia (excluding high income),ECA,2007,42.58,355.51,
Europe & Central Asia (excluding high income),ECA,2008,16.5,159.66,
Europe & Central Asia (excluding high income),ECA,2009,33.56,273.9,
Europe & Central Asia (excluding high income),ECA,2010,33.53,375.39,
Europe & Central Asia (excluding high income),ECA,2011,20.04,252.83,
Europe & Central Asia (excluding high income),ECA,2013,17.56,244.02,
Europe & Central Asia (excluding high income),ECA,2014,18.57,255.56,
Europe & Central Asia (excluding high income),ECA,2015,19.21,230.01,
Europe & Central Asia (excluding high income),ECA,2016,18.94,217.62,
Europe & Central Asia (excluding high income),ECA,2017,24.35,278.27,
Europe & Central Asia (excluding high income),ECA,2018,17.17,190.73,
Europe & Central Asia (excluding high income),ECA,2019,22.36,227.87,
Europe & Central Asia (excluding high income),ECA,2020,27.41,282.42,
Europe & Central Asia (excluding high income),ECA,2021,17.02,213.83,
Europe & Central Asia (excluding high income),ECA,2022,27.39,388.44,
Europe & Central Asia (excluding high income),ECA,2023,24.75,415.66,
Europe & Central Asia (excluding high income),ECA,2024,28.15,549.28,
Europe & Central Asia (excluding high income),ECA,2025,26.74,593.56,
Finland,FIN,1990,16.06,22.72,246.0
Finland,FIN,1991,11.11,14.2,246.0
Finland,FIN,1992,10.62,11.95,246.0
Finland,FIN,1993,26.4,23.52,246.0
Finland,FIN,1994,37.05,38.23,246.0
Finland,FIN,1995,21.57,28.92,246.0
Finland,FIN,1996,31.48,41.56,246.0
Finland,FIN,1997,39.93,50.65,246.0
Finland,FIN,1998,72.18,96.72,246.0
Finland,FIN,1999,30.17,40.8,246.0
Finland,FIN,2000,26.31,33.15,246.0
Finland,FIN,2001,15.74,20.39,246.0
Finland,FIN,2002,10.88,15.28,246.0
Finland,FIN,2003,10.93,18.76,246.0
Finland,FIN,2004,10.3,20.34,246.0
France,FRA,1990,24.78,311.69,250.0
France,FRA,1991,28.45,358.19,250.0
France,FRA,1992,23.56,327.36,250.0
France,FRA,1993,34.69,455.99,250.0
France,FRA,1994,32.65,452.52,250.0
France,FRA,1995,31.34,499.94,250.0
France,FRA,1996,36.65,585.92,250.0
France,FRA,1997,46.53,674.4,250.0
France,FRA,1998,10.1,151.15,250.0
France,FRA,1999,101.08,1502.95,250.0
France,FRA,2000,106.3,1446.63,250.0
France,FRA,2001,85.72,1174.66,250.0
France,FRA,2002,64.79,967.02,250.0
France,FRA,2003,73.89,1355.93,250.0
France,FRA,2004,73.9,1559.11,250.0
France,FRA,2005,80.22,1758.51,250.0
France,FRA,2006,104.76,2428.25,250.0
France,FRA,2007,103.18,2740.34,250.0
France,FRA,2008,50.31,1472.41,250.0
France,FRA,2009,72.08,1946.19,250.0
France,FRA,2010,72.24,1911.52,250.0
France,FRA,2011,54.14,1553.96,250.0
France,FRA,2012,67.39,1808.19,250.0
France,FRA,2013,81.71,2301.09,250.0
France,FRA,2014,72.9,2085.9,250.0
France,FRA,2015,85.5,2088.32,250.0
France,FRA,2016,87.4,2159.05,250.0
France,FRA,2017,106.2,2749.31,250.0
France,FRA,2018,85.06,2365.95,250.0
Germany,DEU,1990,19.98,355.31,276.0
Germany,DEU,1991,19.76,370.61,276.0
Germany,DEU,1992,15.35,328.69,276.0
Germany,DEU,1993,21.25,441.7,276.0
Germany,DEU,1994,22.53,499.19,276.0
Germany,DEU,1995,22.27,577.37,276.0
Germany,DEU,1996,26.52,664.78,276.0
Germany,DEU,1997,37.19,825.23,276.0
Germany,DEU,1998,48.68,1094.25,276.0
Germany,DEU,1999,64.69,1432.17,276.0
Germany,DEU,2000,64.58,1270.24,276.0
Germany,DEU,2001,54.5,1071.75,276.0
Germany,DEU,2002,32.63,686.01,276.0
Germany,DEU,2003,42.57,1079.03,276.0
Germany,DEU,2004,41.88,1194.52,276.0
Germany,DEU,2005,41.55,1202.14,276.0
Germany,DEU,2006,53.76,1637.61,276.0
Germany,DEU,2007,60.42,2105.2,276.0
Germany,DEU,2008,29.16,1110.58,276.0
Germany,DEU,2009,37.15,1292.36,276.0
Germany,DEU,2010,41.24,1429.72,276.0
Germany,DEU,2011,30.98,1184.5,276.0
Germany,DEU,2012,41.33,1486.31,276.0
Germany,DEU,2013,50.86,1936.11,276.0
Germany,DEU,2014,43.85,1738.54,276.0
Germany,DEU,2015,50.09,1715.8,276.0
Germany,DEU,2016,48.52,1716.04,276.0
Germany,DEU,2017,60.08,2262.22,276.0
Germany,DEU,2018,43.28,1755.17,276.0
Germany,DEU,2019,52.99,2098.17,276.0
Germany,DEU,2020,57.95,2284.11,276.0
Germany,DEU,2021,57.47,2503.05,276.0
Germany,DEU,2022,44.98,1889.66,276.0
Germany,DEU,2023,47.74,2178.05,276.0
Germany,DEU,2024,43.63,2044.25,276.0
Germany,DEU,2025,57.39,2898.63,276.0
Ghana,GHA,1993,2.05,0.12,288.0
Ghana,GHA,1994,34.87,1.9,288.0
Ghana,GHA,1995,25.81,1.67,288.0
Ghana,GHA,1996,23.92,1.66,288.0
Ghana,GHA,1997,16.39,1.13,288.0
Ghana,GHA,1998,18.54,1.39,288.0
Ghana,GHA,1999,11.92,0.92,288.0
Ghana,GHA,2000,10.03,0.5,288.0
Ghana,GHA,2001,5.27,0.28,288.0
Ghana,GHA,2002,5.68,0.35,288.0
Ghana,GHA,2003,8.38,0.64,288.0
Ghana,GHA,2004,5.4,0.48,288.0
Ghana,GHA,2005,5.68,0.61,288.0
Ghana,GHA,2006,3.64,0.76,288.0
Ghana,GHA,2007,9.67,2.4,288.0
Ghana,GHA,2008,9.92,2.84,288.0
Ghana,GHA,2009,9.32,2.43,288.0
Ghana,GHA,2010,9.15,2.95,288.0
Ghana,GHA,2011,7.88,3.1,288.0
Ghana,GHA,2019,14.58,9.96,288.0
Ghana,GHA,2020,13.21,9.25,288.0
Ghana,GHA,2021,13.19,10.49,288.0
Ghana,GHA,2022,8.74,6.46,288.0
Ghana,GHA,2023,7.71,6.21,288.0
Ghana,GHA,2024,9.1,7.58,288.0
Ghana,GHA,2025,14.4,16.44,288.0
Greece,GRC,2001,64.18,84.75,300.0
Greece,GRC,2002,44.63,67.06,300.0
Greece,GRC,2003,54.15,106.64,300.0
Greece,GRC,2004,53.3,125.24,300.0
Greece,GRC,2005,59.89,145.12,300.0
Greece,GRC,2006,74.59,200.7,300.0
Greece,GRC,2007,84.32,264.96,300.0
Greece,GRC,2008,25.69,90.2,300.0
Greece,GRC,2009,34.46,112.63,300.0
Greece,GRC,2010,22.8,67.59,300.0
Greece,GRC,2011,11.93,33.78,300.0
Greece,GRC,2012,18.79,44.88,300.0
Greece,GRC,2013,34.92,82.59,300.0
Greece,GRC,2014,23.58,55.15,300.0
Greece,GRC,2015,21.63,42.08,300.0
Greece,GRC,2016,19.25,37.16,300.0
Greece,GRC,2017,25.25,50.61,300.0
Greece,GRC,2018,17.99,38.37,300.0
Greece,GRC,2019,25.88,53.65,300.0
Greece,GRC,2020,26.64,50.99,300.0
Greece,GRC,2021,27.14,59.24,300.0
Greece,GRC,2022,27.08,59.04,300.0
Greece,GRC,2023,33.47,81.32,300.0
Greece,GRC,2024,32.47,83.2,300.0
Greece,GRC,2025,45.96,128.98,300.0
"Hong Kong SAR, China",HKG,1990,108.39,83.39,344.0
"Hong Kong SAR, China",HKG,1991,137.01,121.88,344.0
"Hong Kong SAR, China",HKG,1992,164.94,171.98,344.0
"Hong Kong SAR, China",HKG,1993,319.92,385.04,344.0
"Hong Kong SAR, China",HKG,1994,198.44,269.51,344.0
"Hong Kong SAR, China",HKG,1995,209.96,303.71,344.0
"Hong Kong SAR, China",HKG,1996,281.26,449.22,344.0
"Hong Kong SAR, China",HKG,1997,233.05,413.32,344.0
"Hong Kong SAR, China",HKG,1998,203.43,343.57,344.0
"Hong Kong SAR, China",HKG,1999,366.87,608.16,344.0
"Hong Kong SAR, China",HKG,2000,363.14,623.4,344.0
"Hong Kong SAR, China",HKG,2001,298.74,506.07,344.0
"Hong Kong SAR, China",HKG,2002,278.36,463.05,344.0
"Hong Kong SAR, China",HKG,2003,442.79,714.6,344.0
"Hong Kong SAR, China",HKG,2004,509.44,861.46,344.0
"Hong Kong SAR, China",HKG,2005,581.04,1055.0,344.0
"Hong Kong SAR, China",HKG,2006,886.12,1714.95,344.0
"Hong Kong SAR, China",HKG,2007,1254.47,2654.42,344.0
"Hong Kong SAR, China",HKG,2008,605.97,1328.77,344.0
"Hong Kong SAR, China",HKG,2009,1076.93,2305.14,344.0
"Hong Kong SAR, China",HKG,2010,1185.85,2711.32,344.0
"Hong Kong SAR, China",HKG,2011,908.62,2258.04,344.0
"Hong Kong SAR, China",HKG,2012,1078.31,2831.95,344.0
"Hong Kong SAR, China",HKG,2013,1124.71,3100.78,344.0
"Hong Kong SAR, China",HKG,2014,1109.25,3233.03,344.0
"Hong Kong SAR, China",HKG,2015,1029.42,3184.87,344.0
"Hong Kong SAR, China",HKG,2016,995.21,3193.24,344.0
"Hong Kong SAR, China",HKG,2017,1274.79,4350.51,344.0
"Hong Kong SAR, China",HKG,2018,1055.82,3819.22,344.0
"Hong Kong SAR, China",HKG,2019,1349.37,4899.23,344.0
"Hong Kong SAR, China",HKG,2020,1777.23,6130.42,344.0
"Hong Kong SAR, China",HKG,2021,1472.86,5434.18,344.0
"Hong Kong SAR, China",HKG,2022,1273.25,4566.81,344.0
"Hong Kong SAR, China",HKG,2023,1043.9,3974.78,344.0
"Hong Kong SAR, China",HKG,2024,1114.12,4549.72,344.0
"Hong Kong SAR, China",HKG,2025,1425.01,6089.23,344.0
Hungary,HUN,2002,19.2,12.99,348.0
Hungary,HUN,2003,19.56,16.66,348.0
Hungary,HUN,2004,27.49,28.6,348.0
Hungary,HUN,2005,28.8,32.58,348.0
Hungary,HUN,2006,36.27,41.93,348.0
Hungary,HUN,2007,32.97,46.2,348.0
Hungary,HUN,2008,11.67,18.47,348.0
Hungary,HUN,2009,22.96,30.04,348.0
Hungary,HUN,2010,21.01,27.71,348.0
Hungary,HUN,2011,13.25,18.77,348.0
Hungary,HUN,2012,16.16,20.76,348.0
Hungary,HUN,2013,14.59,19.8,348.0
Hungary,HUN,2014,10.28,14.51,348.0
Hungary,HUN,2015,14.12,17.69,348.0
Hungary,HUN,2016,17.49,22.55,348.0
Hungary,HUN,2017,22.01,31.55,348.0
Hungary,HUN,2018,17.95,28.93,348.0
Hungary,HUN,2019,19.94,32.89,348.0
Hungary,HUN,2020,17.65,27.97,348.0
Hungary,HUN,2021,17.23,31.57,348.0
Hungary,HUN,2022,13.48,23.87,348.0
Hungary,HUN,2023,18.24,38.86,348.0
Hungary,HUN,2024,18.64,41.54,348.0
Hungary,HUN,2025,25.39,62.59,348.0
India,IND,2000,48.17,225.65,356.0
India,IND,2001,30.65,148.77,356.0
India,IND,2002,33.44,172.19,356.0
India,IND,2003,50.85,308.99,356.0
India,IND,2004,58.6,415.54,356.0
India,IND,2005,76.15,624.74,356.0
India,IND,2006,95.22,895.27,356.0
India,IND,2007,161.24,1961.86,356.0
India,IND,2008,66.0,791.31,356.0
India,IND,2009,101.89,1367.31,356.0
India,IND,2010,105.18,1762.46,356.0
India,IND,2011,68.27,1244.6,356.0
India,IND,2012,76.08,1390.42,356.0
India,IND,2013,68.13,1265.06,356.0
India,IND,2014,82.72,1686.71,356.0
India,IND,2015,82.96,1745.17,356.0
India,IND,2016,76.1,1746.3,356.0
India,IND,2017,96.4,2555.99,356.0
India,IND,2018,153.16,4139.82,356.0
India,IND,2019,76.27,2162.7,356.0
India,IND,2020,95.42,2552.46,356.0
India,IND,2021,112.02,3548.02,356.0
India,IND,2022,104.23,3387.37,356.0
India,IND,2023,123.97,4340.13,356.0
India,IND,2024,136.44,5131.4,356.0
India,IND,2025,266.92,10559.58,356.0
Indonesia,IDN,1995,32.94,66.58,360.0
Indonesia,IDN,1996,40.02,91.0,360.0
Indonesia,IDN,1997,13.46,29.05,360.0
Indonesia,IDN,1998,23.13,22.08,360.0
Indonesia,IDN,1999,45.75,64.04,360.0
Indonesia,IDN,2000,16.25,26.81,360.0
Indonesia,IDN,2001,14.33,23.0,360.0
Indonesia,IDN,2002,15.37,30.07,360.0
Indonesia,IDN,2003,23.28,54.66,360.0
Indonesia,IDN,2004,28.52,73.25,360.0
Indonesia,IDN,2005,28.48,81.43,360.0
Indonesia,IDN,2006,38.1,138.89,360.0
Indonesia,IDN,2007,48.98,211.69,360.0
Indonesia,IDN,2008,19.36,98.76,360.0
Indonesia,IDN,2009,39.83,214.94,360.0
Indonesia,IDN,2010,47.73,360.39,360.0
Indonesia,IDN,2011,43.69,390.11,360.0
Indonesia,IDN,2012,46.65,428.22,360.0
Indonesia,IDN,2013,37.99,346.67,360.0
Indonesia,IDN,2014,47.39,422.13,360.0
Indonesia,IDN,2015,41.04,353.27,360.0
Indonesia,IDN,2016,45.69,425.77,360.0
Indonesia,IDN,2017,51.27,520.69,360.0
Indonesia,IDN,2018,46.7,486.77,360.0
Indonesia,IDN,2019,46.76,523.32,360.0
Indonesia,IDN,2020,46.84,496.09,360.0
Indonesia,IDN,2021,48.77,578.63,360.0
Indonesia,IDN,2022,46.27,610.29,360.0
Indonesia,IDN,2023,55.3,758.3,360.0
Indonesia,IDN,2024,54.42,759.83,360.0
Indonesia,IDN,2025,65.69,949.59,360.0
"Iran, Islamic Rep.",IRN,1993,2.02,1.29,364.0
"Iran, Islamic Rep.",IRN,1994,3.9,2.8,364.0
"Iran, Islamic Rep.",IRN,1995,9.5,9.16,364.0
"Iran, Islamic Rep.",IRN,1996,14.14,17.02,364.0
"Iran, Islamic Rep.",IRN,1997,13.33,15.18,364.0
"Iran, Islamic Rep.",IRN,1998,13.51,14.9,364.0
"Iran, Islamic Rep.",IRN,1999,19.17,21.83,364.0
"Iran, Islamic Rep.",IRN,2000,24.35,26.69,364.0
"Iran, Islamic Rep.",IRN,2001,5.82,7.38,364.0
"Iran, Islamic Rep.",IRN,2002,9.14,11.76,364.0
"Iran, Islamic Rep.",IRN,2003,18.13,27.54,364.0
"Iran, Islamic Rep.",IRN,2004,22.69,42.6,364.0
"Iran, Islamic Rep.",IRN,2005,16.2,36.44,364.0
"Iran, Islamic Rep.",IRN,2006,13.67,36.31,364.0
"Iran, Islamic Rep.",IRN,2007,12.55,43.89,364.0
"Iran, Islamic Rep.",IRN,2008,12.0,48.71,364.0
"Iran, Islamic Rep.",IRN,2009,14.29,59.18,364.0
"Iran, Islamic Rep.",IRN,2010,17.79,86.64,364.0
"Iran, Islamic Rep.",IRN,2011,17.02,107.09,364.0
"Iran, Islamic Rep.",IRN,2012,14.13,91.0,364.0
"Iran, Islamic Rep.",IRN,2013,69.1,345.78,364.0
"Iran, Islamic Rep.",IRN,2014,25.23,116.64,364.0
"Iran, Islamic Rep.",IRN,2015,21.85,89.43,364.0
"Iran, Islamic Rep.",IRN,2016,21.1,101.01,364.0
"Iran, Islamic Rep.",IRN,2017,20.84,106.33,364.0
"Iran, Islamic Rep.",IRN,2018,41.38,170.46,364.0
"Iran, Islamic Rep.",IRN,2019,111.69,388.67,364.0
"Iran, Islamic Rep.",IRN,2020,548.02,1539.56,364.0
"Iran, Islamic Rep.",IRN,2021,370.25,1508.23,364.0
"Iran, Islamic Rep.",IRN,2022,381.64,1613.04,364.0
"Iran, Islamic Rep.",IRN,2023,450.18,2059.64,364.0
"Iran, Islamic Rep.",IRN,2024,36.1,171.58,364.0
"Iran, Islamic Rep.",IRN,2025,51.18,185.64,364.0
Ireland,IRL,1997,59.02,48.9,372.0
Ireland,IRL,1998,77.25,69.68,372.0
Ireland,IRL,1999,69.54,68.77,372.0
Ireland,IRL,2000,81.71,81.88,372.0
Ireland,IRL,2001,68.86,75.3,372.0
Ireland,IRL,2002,46.61,59.94,372.0
Ireland,IRL,2003,51.66,85.07,372.0
Ireland,IRL,2004,58.69,114.09,372.0
Ireland,IRL,2005,53.85,114.09,372.0
Ireland,IRL,2006,70.32,163.27,372.0
Ireland,IRL,2007,53.28,143.91,372.0
Ireland,IRL,2008,17.97,49.49,372.0
Ireland,IRL,2009,25.92,61.29,372.0
Ireland,IRL,2010,27.23,60.37,372.0
Ireland,IRL,2011,44.98,108.39,372.0
Ireland,IRL,2012,48.03,108.99,372.0
Ireland,IRL,2013,70.03,170.12,372.0
Ireland,IRL,2014,53.84,143.47,372.0
Ireland,IRL,2015,42.37,128.01,372.0
Ireland,IRL,2016,39.23,119.83,372.0
Ireland,IRL,2017,42.07,146.55,372.0
Ireland,IRL,2018,27.83,110.15,372.0
Israel,ISR,1990,13.35,8.27,376.0
Israel,ISR,1991,20.15,14.3,376.0
Israel,ISR,1992,37.4,29.7,376.0
Israel,ISR,1993,63.7,50.84,376.0
Israel,ISR,1994,36.1,32.73,376.0
Israel,ISR,1995,34.63,36.51,376.0
Israel,ISR,1996,31.09,35.77,376.0
Israel,ISR,1997,38.8,46.33,376.0
Israel,ISR,1998,33.94,40.88,376.0
Israel,ISR,1999,53.79,65.26,376.0
Israel,ISR,2000,48.93,66.74,376.0
Israel,ISR,2001,42.74,57.66,376.0
Israel,ISR,2002,33.65,42.13,376.0
Israel,ISR,2003,53.45,70.17,376.0
Israel,ISR,2004,65.65,91.86,376.0
Israel,ISR,2005,83.19,122.58,376.0
Israel,ISR,2006,101.91,161.73,376.0
Israel,ISR,2007,127.44,235.06,376.0
Israel,ISR,2008,48.75,107.71,376.0
Israel,ISR,2009,88.56,188.73,376.0
Israel,ISR,2010,95.09,227.61,376.0
Israel,ISR,2011,58.62,156.94,376.0
Israel,ISR,2012,61.5,161.86,376.0
Israel,ISR,2013,68.21,203.3,376.0
Israel,ISR,2014,63.78,200.52,376.0
Israel,ISR,2015,80.54,243.9,376.0
Israel,ISR,2016,66.64,213.98,376.0
Israel,ISR,2017,64.65,231.05,376.0
Israel,ISR,2018,49.93,187.47,376.0
Israel,ISR,2019,59.46,237.37,376.0
Israel,ISR,2020,63.78,262.06,376.0
Israel,ISR,2021,73.94,362.12,376.0
Israel,ISR,2022,51.34,269.64,376.0
Israel,ISR,2023,51.52,264.49,376.0
Israel,ISR,2024,61.02,330.88,376.0
Italy,ITA,1990,12.57,148.77,380.0
Italy,ITA,1991,13.21,165.03,380.0
Italy,ITA,1992,9.35,123.66,380.0
Italy,ITA,1993,13.61,145.3,380.0
Italy,ITA,1994,16.88,185.97,380.0
Italy,ITA,1995,17.8,209.52,380.0
Italy,ITA,1996,19.52,256.6,380.0
Italy,ITA,1997,27.68,344.66,380.0
Italy,ITA,1998,0.02,0.29,380.0
Italy,ITA,1999,58.03,728.24,380.0
Italy,ITA,2000,66.83,768.36,380.0
Italy,ITA,2001,45.0,527.47,380.0
Italy,ITA,2002,37.22,477.08,380.0
Italy,ITA,2003,38.84,614.84,380.0
Italy,ITA,2004,43.55,789.56,380.0
Italy,ITA,2005,42.79,798.07,380.0
Italy,ITA,2006,52.41,1026.5,380.0
Italy,ITA,2007,48.26,1072.53,380.0
Italy,ITA,2008,21.6,522.09,380.0
Italy,ITA,2009,29.68,655.85,380.0
Italy,ITA,2010,24.95,535.06,380.0
Italy,ITA,2011,18.7,431.49,380.0
Italy,ITA,2012,22.97,481.83,380.0
Italy,ITA,2013,28.58,615.46,380.0
Italy,ITA,2014,27.02,587.31,380.0
Jamaica,JAM,1993,27.05,1.47,388.0
Jamaica,JAM,1994,33.33,1.82,388.0
Jamaica,JAM,1995,21.14,1.39,388.0
Jamaica,JAM,1996,26.3,1.94,388.0
Jamaica,JAM,1997,27.28,2.29,388.0
Jamaica,JAM,1998,24.28,2.13,388.0
Jamaica,JAM,1999,28.42,2.53,388.0
Jamaica,JAM,2000,39.43,3.55,388.0
Jamaica,JAM,2001,51.32,4.72,388.0
Jamaica,JAM,2002,62.12,6.04,388.0
Jamaica,JAM,2010,29.38,3.88,388.0
Jamaica,JAM,2011,34.68,5.01,388.0
Jamaica,JAM,2013,23.41,3.34,388.0
Jamaica,JAM,2014,21.13,2.94,388.0
Jamaica,JAM,2015,39.43,5.9,388.0
Jamaica,JAM,2016,43.42,6.47,388.0
Jamaica,JAM,2017,59.59,9.4,388.0
Jamaica,JAM,2018,71.53,12.06,388.0
Jamaica,JAM,2019,92.61,15.77,388.0
Jamaica,JAM,2020,78.01,11.7,388.0
Jamaica,JAM,2021,76.14,12.15,388.0
Jamaica,JAM,2022,69.38,13.05,388.0
Jamaica,JAM,2023,56.8,12.17,388.0
Jamaica,JAM,2024,56.46,12.43,388.0
Jamaica,JAM,2025,51.04,11.59,388.0
Japan,JPN,1990,90.03,2928.53,392.0
Japan,JPN,1991,80.69,3005.7,392.0
Japan,JPN,1992,55.48,2254.84,392.0
Japan,JPN,1993,62.74,2906.3,392.0
Japan,JPN,1994,70.38,3592.19,392.0
Japan,JPN,1995,62.86,3545.31,392.0
Japan,JPN,1996,60.14,3019.73,392.0
Japan,JPN,1997,45.53,2085.37,392.0
Japan,JPN,1998,58.78,2439.55,392.0
Japan,JPN,1999,95.02,4455.35,392.0
Japan,JPN,2000,62.61,3157.22,392.0
Japan,JPN,2001,51.02,2264.53,392.0
Japan,JPN,2002,48.74,2069.3,392.0
Japan,JPN,2003,64.57,2953.1,392.0
Japan,JPN,2004,72.0,3557.67,392.0
Japan,JPN,2005,93.79,4572.9,392.0
Japan,JPN,2006,99.27,4614.07,392.0
Japan,JPN,2007,93.65,4330.92,392.0
Japan,JPN,2008,60.38,3115.8,392.0
Japan,JPN,2009,61.95,3306.08,392.0
Japan,JPN,2010,65.86,3827.77,392.0
Japan,JPN,2011,52.96,3325.39,392.0
Japan,JPN,2012,54.92,3478.83,392.0
Japan,JPN,2013,86.17,4543.17,392.0
Japan,JPN,2014,87.81,4377.99,392.0
Japan,JPN,2015,107.95,4894.92,392.0
Japan,JPN,2016,96.97,4955.3,392.0
Japan,JPN,2017,123.51,6222.83,392.0
Japan,JPN,2018,102.77,5296.81,392.0
Japan,JPN,2019,118.02,6191.07,392.0
Japan,JPN,2020,129.47,6718.22,392.0
Japan,JPN,2021,125.23,6544.3,392.0
Japan,JPN,2022,120.96,5380.48,392.0
Japan,JPN,2023,140.24,6149.2,392.0
Japan,JPN,2024,150.61,6310.68,392.0
Japan,JPN,2025,171.6,7610.54,392.0
Jordan,JOR,2007,238.68,40.84,400.0
Jordan,JOR,2008,139.93,35.89,400.0
Jordan,JOR,2009,115.89,31.83,400.0
Jordan,JOR,2010,102.19,30.86,400.0
Jordan,JOR,2011,83.28,27.18,400.0
Jordan,JOR,2012,77.37,26.97,400.0
Jordan,JOR,2013,68.03,25.76,400.0
Jordan,JOR,2014,63.04,25.55,400.0
Jordan,JOR,2015,60.04,25.45,400.0
Jordan,JOR,2016,56.25,24.57,400.0
Jordan,JOR,2017,52.64,23.97,400.0
Jordan,JOR,2018,47.94,22.74,400.0
Jordan,JOR,2019,43.25,21.04,400.0
Jordan,JOR,2020,37.98,18.21,400.0
Jordan,JOR,2021,43.11,21.86,400.0
Jordan,JOR,2022,47.52,25.43,400.0
Jordan,JOR,2023,42.57,23.89,400.0
Jordan,JOR,2024,42.48,24.9,400.0
Jordan,JOR,2025,60.65,37.37,400.0
Kazakhstan,KAZ,1998,7.65,1.69,398.0
Kazakhstan,KAZ,2002,5.23,1.29,398.0
Kazakhstan,KAZ,2003,7.87,2.43,398.0
Kazakhstan,KAZ,2004,9.13,3.94,398.0
Kazakhstan,KAZ,2005,18.43,10.53,398.0
Kazakhstan,KAZ,2006,53.93,43.69,398.0
Kazakhstan,KAZ,2007,39.46,41.38,398.0
Kazakhstan,KAZ,2008,17.44,23.27,398.0
Kazakhstan,KAZ,2009,24.22,27.93,398.0
Kazakhstan,KAZ,2010,18.02,26.67,398.0
Kazakhstan,KAZ,2011,11.7,22.54,398.0
Kazakhstan,KAZ,2012,11.32,23.54,398.0
Kazakhstan,KAZ,2013,11.08,26.23,398.0
Kazakhstan,KAZ,2014,10.38,22.97,398.0
Kazakhstan,KAZ,2015,18.92,34.89,398.0
Kazakhstan,KAZ,2016,29.26,40.16,398.0
Kazakhstan,KAZ,2017,27.31,45.56,398.0
Kazakhstan,KAZ,2018,20.63,37.01,398.0
Kazakhstan,KAZ,2019,22.39,40.68,398.0
Kazakhstan,KAZ,2020,22.36,38.25,398.0
Kazakhstan,KAZ,2021,33.38,65.79,398.0
Kazakhstan,KAZ,2022,20.31,45.79,398.0
Kazakhstan,KAZ,2023,22.56,59.08,398.0
Kazakhstan,KAZ,2024,47.7,139.03,398.0
Kazakhstan,KAZ,2025,51.73,158.41,398.0
Kenya,KEN,1993,18.48,1.06,404.0
Kenya,KEN,1994,42.62,3.05,404.0
Kenya,KEN,1995,22.3,2.02,404.0
Kenya,KEN,1996,14.93,1.8,404.0
Kenya,KEN,1997,13.82,1.81,404.0
Kenya,KEN,1998,14.82,2.09,404.0
Kenya,KEN,2000,9.88,1.26,404.0
Kenya,KEN,2001,8.05,1.05,404.0
Kenya,KEN,2002,10.89,1.43,404.0
Kenya,KEN,2003,28.06,4.18,404.0
Kenya,KEN,2004,24.17,3.89,404.0
Kenya,KEN,2005,34.07,6.38,404.0
Kenya,KEN,2006,44.06,11.38,404.0
Kenya,KEN,2007,41.76,13.34,404.0
Kenya,KEN,2008,30.24,10.85,404.0
Kenya,KEN,2009,25.9,10.97,404.0
Kenya,KEN,2010,31.85,14.46,404.0
Kenya,KEN,2011,21.77,10.2,404.0
Kenya,KEN,2019,24.97,25.06,404.0
Kenya,KEN,2020,21.26,21.4,404.0
Kenya,KEN,2021,20.89,22.92,404.0
Kenya,KEN,2022,14.07,16.11,404.0
Kenya,KEN,2023,8.55,9.2,404.0
Kenya,KEN,2024,12.46,15.0,404.0
Kenya,KEN,2025,16.79,22.83,404.0
"Korea, Rep.",KOR,1990,37.77,110.3,410.0
"Korea, Rep.",KOR,1991,28.3,96.47,410.0
"Korea, Rep.",KOR,1992,29.34,107.66,410.0
"Korea, Rep.",KOR,1993,34.41,139.58,410.0
"Korea, Rep.",KOR,1994,40.02,191.78,410.0
"Korea, Rep.",KOR,1995,31.04,181.95,410.0
"Korea, Rep.",KOR,1996,22.04,139.12,410.0
"Korea, Rep.",KOR,1997,7.11,41.88,410.0
"Korea, Rep.",KOR,1998,28.84,114.59,410.0
"Korea, Rep.",KOR,1999,59.36,306.13,410.0
"Korea, Rep.",KOR,2000,28.66,171.26,410.0
"Korea, Rep.",KOR,2001,41.21,233.92,410.0
"Korea, Rep.",KOR,2002,38.57,250.71,410.0
"Korea, Rep.",KOR,2003,45.22,329.46,410.0
"Korea, Rep.",KOR,2004,52.03,428.33,410.0
"Korea, Rep.",KOR,2005,73.89,718.01,410.0
"Korea, Rep.",KOR,2006,76.19,834.4,410.0
"Korea, Rep.",KOR,2007,91.95,1122.61,410.0
"Korea, Rep.",KOR,2008,43.13,470.8,410.0
"Korea, Rep.",KOR,2009,84.9,834.6,410.0
"Korea, Rep.",KOR,2010,91.54,1091.91,410.0
"Korea, Rep.",KOR,2011,76.21,996.14,410.0
"Korea, Rep.",KOR,2012,88.32,1179.42,410.0
"Korea, Rep.",KOR,2013,86.05,1234.55,410.0
"Korea, Rep.",KOR,2014,77.93,1212.76,410.0
"Korea, Rep.",KOR,2015,79.99,1231.2,410.0
"Korea, Rep.",KOR,2016,79.44,1254.54,410.0
"Korea, Rep.",KOR,2017,103.6,1771.77,410.0
"Korea, Rep.",KOR,2018,77.5,1413.72,410.0
"Korea, Rep.",KOR,2019,84.8,1484.84,410.0
"Korea, Rep.",KOR,2020,124.78,2176.19,410.0
"Korea, Rep.",KOR,2021,114.23,2218.66,410.0
"Korea, Rep.",KOR,2022,91.39,1644.51,410.0
"Korea, Rep.",KOR,2023,106.68,1968.0,410.0
"Korea, Rep.",KOR,2024,83.05,1557.49,410.0
"Korea, Rep.",KOR,2025,147.23,2756.67,410.0
Kuwait,KWT,1993,43.86,10.5,414.0
Kuwait,KWT,1994,40.07,9.96,414.0
Kuwait,KWT,1995,47.71,12.97,414.0
Kuwait,KWT,1996,60.12,18.93,414.0
Kuwait,KWT,1997,97.71,29.66,414.0
Kuwait,KWT,1998,87.75,22.77,414.0
Kuwait,KWT,1999,66.46,20.02,414.0
Kuwait,KWT,2000,51.59,19.46,414.0
Kuwait,KWT,2001,64.87,22.63,414.0
Kuwait,KWT,2002,82.5,31.46,414.0
Kuwait,KWT,2003,127.32,60.95,414.0
Kuwait,KWT,2004,122.65,72.9,414.0
Kuwait,KWT,2005,128.37,103.72,414.0
Kuwait,KWT,2006,105.42,107.06,414.0
Kuwait,KWT,2015,83.88,96.11,414.0
Kuwait,KWT,2019,83.87,118.14,414.0
Kuwait,KWT,2020,95.44,105.99,414.0
Kuwait,KWT,2021,92.09,136.62,414.0
Kuwait,KWT,2022,83.21,152.68,414.0
Kuwait,KWT,2023,79.25,131.13,414.0
Kuwait,KWT,2024,87.93,141.48,414.0
Kuwait,KWT,2025,109.49,172.13,414.0
Latin America & Caribbean (excluding high income),LAC,2000,22.34,419.34,
Latin America & Caribbean (excluding high income),LAC,2001,20.27,366.6,
Latin America & Caribbean (excluding high income),LAC,2002,17.06,268.73,
Latin America & Caribbean (excluding high income),LAC,2003,26.9,406.21,
Latin America & Caribbean (excluding high income),LAC,2004,32.58,560.42,
Latin America & Caribbean (excluding high income),LAC,2005,37.5,836.01,
Latin America & Caribbean (excluding high income),LAC,2006,46.19,1206.06,
Latin America & Caribbean (excluding high income),LAC,2007,64.48,1995.85,
Latin America & Caribbean (excluding high income),LAC,2008,27.68,991.46,
Latin America & Caribbean (excluding high income),LAC,2009,59.07,1947.22,
Latin America & Caribbean (excluding high income),LAC,2010,56.86,2379.55,
Latin America & Caribbean (excluding high income),LAC,2011,40.22,1969.39,
Latin America & Caribbean (excluding high income),LAC,2012,44.55,2151.48,
Latin America & Caribbean (excluding high income),LAC,2013,38.11,1886.59,
Latin America & Caribbean (excluding high income),LAC,2014,32.63,1612.8,
Latin America & Caribbean (excluding high income),LAC,2015,26.71,1097.33,
Latin America & Caribbean (excluding high income),LAC,2016,34.5,1364.35,
Latin America & Caribbean (excluding high income),LAC,2017,38.56,1710.58,
Latin America & Caribbean (excluding high income),LAC,2020,46.84,1625.35,
Latin America & Caribbean (excluding high income),LAC,2021,37.13,1498.06,
Latin America & Caribbean (excluding high income),LAC,2022,31.19,1454.52,
Latin America & Caribbean (excluding high income),LAC,2023,37.58,1744.21,
Latin America & Caribbean (excluding high income),LAC,2025,34.12,1681.1,
Lebanon,LBN,1996,17.5,2.4,422.0
Lebanon,LBN,1997,17.04,2.68,422.0
Lebanon,LBN,1998,13.86,2.39,422.0
Lebanon,LBN,1999,10.88,1.89,422.0
Lebanon,LBN,2000,9.0,1.55,422.0
Lebanon,LBN,2001,6.96,1.23,422.0
Lebanon,LBN,2002,6.93,1.33,422.0
Lebanon,LBN,2003,7.06,1.42,422.0
Lebanon,LBN,2004,10.43,2.21,422.0
Lebanon,LBN,2005,22.37,4.81,422.0
Lebanon,LBN,2006,36.98,8.14,422.0
Lebanon,LBN,2007,43.28,10.75,422.0
Lebanon,LBN,2008,32.91,9.58,422.0
Lebanon,LBN,2009,36.3,12.85,422.0
Lebanon,LBN,2010,33.03,12.7,422.0
Lebanon,LBN,2011,22.66,9.05,422.0
Lebanon,LBN,2012,20.63,9.08,422.0
Lebanon,LBN,2013,22.76,10.67,422.0
Lebanon,LBN,2014,23.55,11.33,422.0
Lebanon,LBN,2015,22.79,11.38,422.0
Lebanon,LBN,2016,23.7,12.12,422.0
Lebanon,LBN,2017,21.67,11.49,422.0
Lebanon,LBN,2018,17.62,9.68,422.0
Lebanon,LBN,2019,14.99,7.74,422.0
Lebanon,LBN,2020,21.14,6.7,422.0
Lebanon,LBN,2021,45.73,10.58,422.0
Luxembourg,LUX,1990,81.82,10.46,442.0
Luxembourg,LUX,1991,81.51,11.28,442.0
Luxembourg,LUX,1992,76.25,11.83,442.0
Luxembourg,LUX,1993,121.29,19.32,442.0
Luxembourg,LUX,1994,161.1,28.52,442.0
Luxembourg,LUX,1995,145.91,30.43,442.0
Luxembourg,LUX,1996,155.11,32.41,442.0
Luxembourg,LUX,1997,173.19,33.88,442.0
Luxembourg,LUX,1998,189.49,38.18,442.0
Luxembourg,LUX,1999,164.11,35.94,442.0
Luxembourg,LUX,2000,160.23,34.02,442.0
Luxembourg,LUX,2001,106.18,22.71,442.0
Luxembourg,LUX,2002,103.81,24.55,442.0
Luxembourg,LUX,2003,125.84,37.33,442.0
Luxembourg,LUX,2004,143.0,50.14,442.0
Luxembourg,LUX,2005,136.04,51.25,442.0
Luxembourg,LUX,2006,185.3,79.51,442.0
Luxembourg,LUX,2007,321.94,166.08,442.0
Luxembourg,LUX,2008,113.21,66.61,442.0
Luxembourg,LUX,2009,192.86,105.05,442.0
Luxembourg,LUX,2010,179.9,101.13,442.0
Luxembourg,LUX,2011,109.61,67.63,442.0
Luxembourg,LUX,2012,117.67,70.34,442.0
Luxembourg,LUX,2013,120.61,78.64,442.0
Luxembourg,LUX,2014,91.81,63.17,442.0
Luxembourg,LUX,2015,78.46,47.13,442.0
Luxembourg,LUX,2016,97.9,60.91,442.0
Luxembourg,LUX,2017,104.45,68.64,442.0
Luxembourg,LUX,2018,69.61,49.48,442.0
Luxembourg,LUX,2019,63.31,44.23,442.0
Luxembourg,LUX,2020,70.0,51.57,442.0
Luxembourg,LUX,2021,70.84,61.19,442.0
Luxembourg,LUX,2022,62.99,50.9,442.0
Luxembourg,LUX,2023,60.62,53.82,442.0
Luxembourg,LUX,2024,44.88,41.86,442.0
Luxembourg,LUX,2025,68.61,69.41,442.0
Malaysia,MYS,1990,108.73,47.87,458.0
Malaysia,MYS,1991,115.42,56.72,458.0
Malaysia,MYS,1992,150.43,89.01,458.0
Malaysia,MYS,1993,320.99,214.73,458.0
Malaysia,MYS,1994,247.08,184.02,458.0
Malaysia,MYS,1995,240.97,213.76,458.0
Malaysia,MYS,1996,303.57,306.16,458.0
Malaysia,MYS,1997,93.23,93.23,458.0
Malaysia,MYS,1998,132.42,95.56,458.0
Malaysia,MYS,1999,176.77,139.91,458.0
Malaysia,MYS,2000,120.65,113.16,458.0
Malaysia,MYS,2001,128.23,118.98,458.0
Malaysia,MYS,2002,124.72,125.78,458.0
Malaysia,MYS,2003,145.93,160.81,458.0
Malaysia,MYS,2004,145.59,181.62,458.0
Malaysia,MYS,2005,125.77,180.52,458.0
Malaysia,MYS,2006,144.8,235.58,458.0
Malaysia,MYS,2007,168.07,325.29,458.0
Malaysia,MYS,2008,81.99,189.24,458.0
Malaysia,MYS,2009,143.0,289.22,458.0
Malaysia,MYS,2010,160.26,408.69,458.0
Malaysia,MYS,2011,132.78,395.62,458.0
Malaysia,MYS,2012,148.39,466.59,458.0
Malaysia,MYS,2013,154.79,500.39,458.0
Malaysia,MYS,2014,135.77,459.0,458.0
Malaysia,MYS,2015,127.08,382.98,458.0
Malaysia,MYS,2016,119.43,359.79,458.0
Malaysia,MYS,2017,142.83,455.77,458.0
Malaysia,MYS,2018,110.93,398.02,458.0
Malaysia,MYS,2019,110.62,403.96,458.0
Malaysia,MYS,2020,129.36,436.54,458.0
Malaysia,MYS,2021,110.84,414.29,458.0
Malaysia,MYS,2022,93.47,381.21,458.0
Malaysia,MYS,2023,94.53,378.05,458.0
Malaysia,MYS,2024,106.45,449.47,458.0
Malaysia,MYS,2025,103.23,487.45,458.0
Malta,MLT,2000,50.15,2.02,470.0
Malta,MLT,2001,33.33,1.36,470.0
Malta,MLT,2002,30.83,1.37,470.0
Malta,MLT,2003,34.15,1.85,470.0
Malta,MLT,2004,46.52,2.84,470.0
Malta,MLT,2005,63.7,4.07,470.0
Malta,MLT,2006,66.72,4.5,470.0
Malta,MLT,2007,71.23,5.63,470.0
Malta,MLT,2008,38.99,3.58,470.0
Malta,MLT,2009,46.53,4.08,470.0
Malta,MLT,2010,46.1,4.19,470.0
Malta,MLT,2011,35.03,3.43,470.0
Malta,MLT,2012,37.79,3.63,470.0
Malta,MLT,2013,39.36,4.25,470.0
Malta,MLT,2014,30.63,3.64,470.0
Malta,MLT,2015,38.84,4.41,470.0
Malta,MLT,2016,36.86,4.43,470.0
Malta,MLT,2017,36.52,5.17,470.0
Malta,MLT,2018,31.28,5.05,470.0
Malta,MLT,2019,32.54,5.32,470.0
Malta,MLT,2020,30.97,5.08,470.0
Malta,MLT,2021,24.42,4.82,470.0
Malta,MLT,2022,23.02,4.36,470.0
Malta,MLT,2023,22.78,5.15,470.0
Malta,MLT,2024,17.12,4.29,470.0
Malta,MLT,2025,19.26,5.35,470.0
Mauritius,MUS,1993,21.18,0.7,480.0
Mauritius,MUS,1994,36.65,1.32,480.0
Mauritius,MUS,1995,32.66,1.34,480.0
Mauritius,MUS,1996,33.14,1.49,480.0
Mauritius,MUS,1997,35.92,1.52,480.0
Mauritius,MUS,1998,40.28,1.7,480.0
Mauritius,MUS,1999,34.57,1.52,480.0
Mauritius,MUS,2000,26.29,1.24,480.0
Mauritius,MUS,2001,20.92,0.98,480.0
Mauritius,MUS,2002,24.26,1.19,480.0
Mauritius,MUS,2003,32.15,1.9,480.0
Mauritius,MUS,2004,31.78,2.12,480.0
Mauritius,MUS,2005,35.38,2.33,480.0
Mauritius,MUS,2006,69.47,4.96,480.0
Mauritius,MUS,2007,95.67,7.92,480.0
Mauritius,MUS,2008,46.03,4.66,480.0
Mauritius,MUS,2009,71.05,6.58,480.0
Mauritius,MUS,2010,76.42,7.75,480.0
Mauritius,MUS,2011,67.18,7.85,480.0
Mauritius,MUS,2012,60.68,7.18,480.0
Mauritius,MUS,2013,71.92,8.94,480.0
Mauritius,MUS,2014,66.14,8.75,480.0
Mauritius,MUS,2015,59.52,7.24,480.0
Mauritius,MUS,2016,59.32,7.57,480.0
Mauritius,MUS,2017,70.11,9.74,480.0
Mauritius,MUS,2018,65.84,9.85,480.0
Mauritius,MUS,2019,58.83,8.62,480.0
Mauritius,MUS,2020,53.26,6.16,480.0
Mauritius,MUS,2021,76.87,8.93,480.0
Mauritius,MUS,2022,66.23,8.57,480.0
Mauritius,MUS,2023,60.41,8.5,480.0
Mauritius,MUS,2024,61.09,9.12,480.0
Mauritius,MUS,2025,55.02,8.89,480.0
Mexico,MEX,1990,15.71,41.05,484.0
Mexico,MEX,1991,32.82,102.76,484.0
Mexico,MEX,1992,38.2,138.74,484.0
Mexico,MEX,1993,37.89,200.87,484.0
Mexico,MEX,1994,23.53,130.25,484.0
Mexico,MEX,1995,23.86,90.69,484.0
Mexico,MEX,1996,24.71,106.77,484.0
Mexico,MEX,1997,29.92,156.6,484.0
Mexico,MEX,1998,16.46,91.75,484.0
Mexico,MEX,1999,24.4,154.04,484.0
Mexico,MEX,2000,16.87,125.2,484.0
Mexico,MEX,2001,15.86,126.26,484.0
Mexico,MEX,2002,12.82,103.94,484.0
Mexico,MEX,2003,16.01,122.53,484.0
Mexico,MEX,2004,20.92,171.4,484.0
Mexico,MEX,2005,26.06,239.13,484.0
Mexico,MEX,2006,34.14,348.35,484.0
Mexico,MEX,2007,36.08,397.72,484.0
Mexico,MEX,2008,20.15,234.05,484.0
Mexico,MEX,2009,37.32,352.05,484.0
Mexico,MEX,2010,41.1,454.35,484.0
Mexico,MEX,2011,33.25,408.69,484.0
Mexico,MEX,2012,41.83,525.06,484.0
Mexico,MEX,2013,39.63,526.02,484.0
Mexico,MEX,2014,35.2,480.25,484.0
Mexico,MEX,2015,33.15,402.25,484.0
Mexico,MEX,2016,31.54,350.81,484.0
Mexico,MEX,2017,35.02,417.02,484.0
Mexico,MEX,2020,35.65,399.62,484.0
Mexico,MEX,2021,34.92,459.71,484.0
Mexico,MEX,2022,30.97,454.37,484.0
Mexico,MEX,2023,32.14,576.67,484.0
Mexico,MEX,2025,30.58,560.41,484.0
"Middle East, North Africa, Afghanistan & Pakistan",MEA,2009,46.02,917.94,
"Middle East, North Africa, Afghanistan & Pakistan",MEA,2010,44.31,1099.93,
"Middle East, North Africa, Afghanistan & Pakistan",MEA,2011,31.23,933.89,
"Middle East, North Africa, Afghanistan & Pakistan",MEA,2012,31.97,912.21,
"Middle East, North Africa, Afghanistan & Pakistan",MEA,2013,50.82,1554.28,
"Middle East, North Africa, Afghanistan & Pakistan",MEA,2014,45.16,1423.09,
"Middle East, North Africa, Afghanistan & Pakistan",MEA,2015,47.34,1403.97,
"Middle East, North Africa, Afghanistan & Pakistan",MEA,2016,45.12,1318.83,
"Middle East, North Africa, Afghanistan & Pakistan",MEA,2017,45.11,1361.87,
"Middle East, North Africa, Afghanistan & Pakistan",MEA,2018,42.23,1497.84,
"Middle East, North Africa, Afghanistan & Pakistan",MEA,2019,110.07,3808.4,
"Middle East, North Africa, Afghanistan & Pakistan",MEA,2020,160.23,5037.24,
"Middle East, North Africa, Afghanistan & Pakistan",MEA,2021,148.22,5680.38,
"Middle East, North Africa, Afghanistan & Pakistan",MEA,2022,134.97,5929.67,
"Middle East, North Africa, Afghanistan & Pakistan",MEA,2023,161.07,6873.17,
"Middle East, North Africa, Afghanistan & Pakistan",MEA,2024,109.72,4858.56,
"Middle East, North Africa, Afghanistan & Pakistan",MEA,2025,99.17,4374.16,
"Middle East, North Africa, Afghanistan & Pakistan (IDA & IBRD)",TMN,2006,26.9,182.96,
"Middle East, North Africa, Afghanistan & Pakistan (IDA & IBRD)",TMN,2007,35.88,304.56,
"Middle East, North Africa, Afghanistan & Pakistan (IDA & IBRD)",TMN,2008,20.24,203.61,
"Middle East, North Africa, Afghanistan & Pakistan (IDA & IBRD)",TMN,2009,22.62,227.04,
"Middle East, North Africa, Afghanistan & Pakistan (IDA & IBRD)",TMN,2010,25.64,332.4,
"Middle East, North Africa, Afghanistan & Pakistan (IDA & IBRD)",TMN,2011,19.08,294.68,
"Middle East, North Africa, Afghanistan & Pakistan (IDA & IBRD)",TMN,2016,19.11,237.47,
"Middle East, North Africa, Afghanistan & Pakistan (IDA & IBRD)",TMN,2018,24.72,370.17,
"Middle East, North Africa, Afghanistan & Pakistan (IDA & IBRD)",TMN,2019,46.57,586.12,
"Middle East, North Africa, Afghanistan & Pakistan (IDA & IBRD)",TMN,2020,143.15,1730.25,
"Middle East, North Africa, Afghanistan & Pakistan (IDA & IBRD)",TMN,2021,118.82,1715.14,
"Middle East, North Africa, Afghanistan & Pakistan (IDA & IBRD)",TMN,2022,117.52,1767.5,
"Middle East, North Africa, Afghanistan & Pakistan (IDA & IBRD)",TMN,2023,155.7,2242.78,
"Middle East, North Africa, Afghanistan & Pakistan (IDA & IBRD)",TMN,2024,24.82,373.92,
"Middle East, North Africa, Afghanistan & Pakistan (IDA & IBRD)",TMN,2025,33.56,482.16,
"Middle East, North Africa, Afghanistan & Pakistan (excluding high income)",MNA,2006,26.98,184.89,
"Middle East, North Africa, Afghanistan & Pakistan (excluding high income)",MNA,2007,35.84,306.31,
"Middle East, North Africa, Afghanistan & Pakistan (excluding high income)",MNA,2008,20.27,205.43,
"Middle East, North Africa, Afghanistan & Pakistan (excluding high income)",MNA,2009,22.67,229.42,
"Middle East, North Africa, Afghanistan & Pakistan (excluding high income)",MNA,2010,25.64,334.85,
"Middle East, North Africa, Afghanistan & Pakistan (excluding high income)",MNA,2011,19.12,297.47,
"Middle East, North Africa, Afghanistan & Pakistan (excluding high income)",MNA,2016,19.15,240.86,
"Middle East, North Africa, Afghanistan & Pakistan (excluding high income)",MNA,2018,24.7,373.9,
"Middle East, North Africa, Afghanistan & Pakistan (excluding high income)",MNA,2019,46.24,589.88,
"Middle East, North Africa, Afghanistan & Pakistan (excluding high income)",MNA,2020,141.62,1733.7,
"Middle East, North Africa, Afghanistan & Pakistan (excluding high income)",MNA,2021,117.65,1719.54,
"Middle East, North Africa, Afghanistan & Pakistan (excluding high income)",MNA,2022,116.36,1772.4,
"Middle East, North Africa, Afghanistan & Pakistan (excluding high income)",MNA,2023,154.02,2247.4,
"Middle East, North Africa, Afghanistan & Pakistan (excluding high income)",MNA,2024,24.82,378.0,
"Middle East, North Africa, Afghanistan & Pakistan (excluding high income)",MNA,2025,33.5,487.1,
Montenegro,MNE,2008,76.07,3.47,499.0
Montenegro,MNE,2010,77.9,3.22,499.0
Montenegro,MNE,2011,77.86,3.51,499.0
Montenegro,MNE,2012,93.01,3.79,499.0
Morocco,MAR,2010,68.56,69.15,504.0
Morocco,MAR,2011,54.59,60.09,504.0
Morocco,MAR,2012,49.08,52.48,504.0
Morocco,MAR,2013,46.51,53.83,504.0
Morocco,MAR,2014,44.28,52.75,504.0
Morocco,MAR,2015,41.6,45.93,504.0
Morocco,MAR,2016,51.61,57.58,504.0
Morocco,MAR,2017,56.56,67.05,504.0
Morocco,MAR,2018,47.97,61.08,504.0
Morocco,MAR,2019,50.74,65.42,504.0
Morocco,MAR,2020,54.04,65.57,504.0
Morocco,MAR,2021,52.5,74.57,504.0
Morocco,MAR,2022,40.92,53.71,504.0
Morocco,MAR,2023,43.46,63.47,504.0
Morocco,MAR,2024,46.36,74.46,504.0
Morocco,MAR,2025,62.51,114.01,504.0
Namibia,NAM,1993,0.86,0.03,516.0
Namibia,NAM,1994,5.35,0.2,516.0
Namibia,NAM,1995,4.75,0.19,516.0
Namibia,NAM,1996,11.87,0.47,516.0
Namibia,NAM,1997,16.59,0.69,516.0
Namibia,NAM,1998,11.04,0.43,516.0
Namibia,NAM,1999,17.24,0.67,516.0
Namibia,NAM,2000,7.73,0.3,516.0
Namibia,NAM,2001,4.23,0.15,516.0
Namibia,NAM,2002,2.48,0.08,516.0
Namibia,NAM,2003,1.4,0.07,516.0
Namibia,NAM,2004,1.4,0.09,516.0
Namibia,NAM,2005,1.67,0.12,516.0
Namibia,NAM,2006,1.97,0.16,516.0
Namibia,NAM,2007,1.96,0.17,516.0
Namibia,NAM,2008,0.57,0.05,516.0
Namibia,NAM,2009,0.35,0.03,516.0
Namibia,NAM,2010,0.01,0.0,516.0
Namibia,NAM,2011,0.01,0.0,516.0
Namibia,NAM,2016,21.8,2.34,516.0
Namibia,NAM,2017,22.61,2.92,516.0
Namibia,NAM,2018,17.99,2.46,516.0
Namibia,NAM,2019,20.8,2.61,516.0
Namibia,NAM,2020,17.64,1.87,516.0
Namibia,NAM,2021,19.26,2.39,516.0
Namibia,NAM,2022,17.17,2.16,516.0
Namibia,NAM,2023,19.01,2.38,516.0
Namibia,NAM,2024,18.18,2.48,516.0
Netherlands,NLD,1990,37.59,119.83,528.0
Netherlands,NLD,1991,51.56,169.1,528.0
Netherlands,NLD,1992,46.97,170.74,528.0
Netherlands,NLD,1993,51.33,181.75,528.0
Netherlands,NLD,1994,59.0,224.0,528.0
Netherlands,NLD,1995,63.28,286.65,528.0
Netherlands,NLD,1996,83.16,375.36,528.0
Netherlands,NLD,1997,112.25,468.63,528.0
Netherlands,NLD,1998,137.52,603.18,528.0
Netherlands,NLD,1999,155.0,694.06,528.0
Netherlands,NLD,2000,153.35,640.46,528.0
Netherlands,NLD,2001,116.3,503.02,528.0
Netherlands,NLD,2002,84.38,401.27,528.0
Netherlands,NLD,2003,83.9,488.65,528.0
Netherlands,NLD,2004,81.46,538.66,528.0
Netherlands,NLD,2005,86.15,592.84,528.0
Netherlands,NLD,2006,105.69,779.54,528.0
Netherlands,NLD,2007,112.03,956.16,528.0
Netherlands,NLD,2008,40.58,388.72,528.0
Netherlands,NLD,2009,63.62,559.2,528.0
Netherlands,NLD,2010,77.55,661.1,528.0
Netherlands,NLD,2011,65.12,594.64,528.0
Netherlands,NLD,2012,76.96,650.81,528.0
Netherlands,NLD,2013,92.52,817.84,528.0
Netherlands,NLD,2014,87.25,786.57,528.0
Netherlands,NLD,2015,93.91,728.49,528.0
Netherlands,NLD,2016,101.07,805.72,528.0
Netherlands,NLD,2017,129.69,1100.11,528.0
New Zealand,NZL,1990,19.39,8.82,554.0
New Zealand,NZL,1991,33.45,14.3,554.0
New Zealand,NZL,1992,36.79,15.32,554.0
New Zealand,NZL,1993,54.77,25.62,554.0
New Zealand,NZL,1994,49.02,27.12,554.0
New Zealand,NZL,1995,49.08,31.37,554.0
New Zealand,NZL,1996,54.59,38.29,554.0
New Zealand,NZL,1997,46.17,30.51,554.0
New Zealand,NZL,1998,44.08,24.78,554.0
New Zealand,NZL,1999,48.25,28.35,554.0
New Zealand,NZL,2000,35.37,18.61,554.0
New Zealand,NZL,2001,33.08,17.82,554.0
New Zealand,NZL,2002,32.66,21.76,554.0
New Zealand,NZL,2003,37.45,33.05,554.0
New Zealand,NZL,2004,42.09,43.73,554.0
New Zealand,NZL,2005,35.38,40.59,554.0
New Zealand,NZL,2006,40.18,44.82,554.0
New Zealand,NZL,2007,34.61,47.49,554.0
New Zealand,NZL,2008,18.14,24.21,554.0
New Zealand,NZL,2009,29.18,35.51,554.0
New Zealand,NZL,2012,29.95,52.87,554.0
New Zealand,NZL,2013,34.55,65.96,554.0
New Zealand,NZL,2014,36.94,74.42,554.0
New Zealand,NZL,2015,41.74,74.35,554.0
New Zealand,NZL,2016,42.36,80.05,554.0
New Zealand,NZL,2017,45.84,94.69,554.0
New Zealand,NZL,2018,40.68,86.13,554.0
New Zealand,NZL,2019,50.63,107.88,554.0
New Zealand,NZL,2020,61.97,132.2,554.0
New Zealand,NZL,2021,48.45,122.93,554.0
New Zealand,NZL,2022,39.06,97.55,554.0
New Zealand,NZL,2023,37.67,96.58,554.0
New Zealand,NZL,2024,35.51,92.87,554.0
New Zealand,NZL,2025,39.07,103.17,554.0
Nigeria,NGA,1993,3.78,2.14,566.0
Nigeria,NGA,1994,3.7,2.98,566.0
Nigeria,NGA,1995,5.52,7.78,566.0
Nigeria,NGA,1996,6.85,12.71,566.0
Nigeria,NGA,1997,6.25,12.56,566.0
Nigeria,NGA,1998,4.73,10.32,566.0
Nigeria,NGA,1999,4.97,2.94,566.0
Nigeria,NGA,2002,2.5,2.37,566.0
Nigeria,NGA,2004,11.69,15.87,566.0
Nigeria,NGA,2005,12.66,22.24,566.0
Nigeria,NGA,2006,13.77,32.83,566.0
Nigeria,NGA,2007,30.51,84.89,566.0
Nigeria,NGA,2008,14.16,48.06,566.0
Nigeria,NGA,2009,10.92,32.22,566.0
Nigeria,NGA,2010,13.77,50.55,566.0
Nigeria,NGA,2011,9.42,39.03,566.0
Nigeria,NGA,2012,12.11,56.21,566.0
Nigeria,NGA,2013,15.5,80.61,566.0
Nigeria,NGA,2014,10.93,62.77,566.0
Nigeria,NGA,2015,10.14,49.97,566.0
Nigeria,NGA,2016,7.36,29.79,566.0
Nigeria,NGA,2017,9.91,37.22,566.0
Nigeria,NGA,2018,7.47,31.52,566.0
Nigeria,NGA,2019,6.57,43.92,566.0
Nigeria,NGA,2020,9.23,55.24,566.0
Nigeria,NGA,2021,8.9,54.23,566.0
Nigeria,NGA,2022,9.64,62.38,566.0
Nigeria,NGA,2023,9.53,46.45,566.0
Nigeria,NGA,2024,21.57,54.4,566.0
Nigeria,NGA,2025,29.9,86.94,566.0
Norway,NOR,1990,21.89,26.13,578.0
Norway,NOR,1991,18.16,22.0,578.0
Norway,NOR,1992,13.72,17.84,578.0
Norway,NOR,1993,22.84,27.37,578.0
Norway,NOR,1994,28.86,36.46,578.0
Norway,NOR,1995,29.51,44.59,578.0
Norway,NOR,1996,35.02,56.88,578.0
Norway,NOR,1997,41.56,66.51,578.0
Norway,NOR,1998,30.35,46.42,578.0
Norway,NOR,1999,39.49,63.7,578.0
Norway,NOR,2000,38.55,65.77,578.0
Norway,NOR,2001,40.02,69.47,578.0
Norway,NOR,2002,32.85,64.17,578.0
Norway,NOR,2003,41.85,95.92,578.0
Norway,NOR,2004,53.24,141.43,578.0
Norway,NOR,2005,61.36,191.08,578.0
Norway,NOR,2006,80.3,280.85,578.0
Norway,NOR,2007,87.03,354.92,578.0
Norway,NOR,2008,30.91,145.91,578.0
Norway,NOR,2009,57.43,227.23,578.0
Norway,NOR,2010,67.09,295.29,578.0
Norway,NOR,2011,43.08,220.94,578.0
Norway,NOR,2012,46.23,242.76,578.0
Norway,NOR,2013,49.13,265.38,578.0
Norway,NOR,2014,42.53,219.37,578.0
Norway,NOR,2015,48.39,193.9,578.0
Norway,NOR,2016,60.34,231.26,578.0
Norway,NOR,2017,69.09,287.19,578.0
Norway,NOR,2018,58.82,267.38,578.0
Norway,NOR,2019,69.66,295.55,578.0
Oman,OMN,1993,11.32,1.61,512.0
Oman,OMN,1994,14.5,2.13,512.0
Oman,OMN,1995,15.13,2.38,512.0
Oman,OMN,1996,17.49,3.04,512.0
Oman,OMN,1997,41.55,7.5,512.0
Oman,OMN,1998,27.37,4.39,512.0
Oman,OMN,1999,23.43,4.18,512.0
Oman,OMN,2000,18.77,4.18,512.0
Oman,OMN,2001,18.3,4.06,512.0
Oman,OMN,2004,33.25,9.43,512.0
Oman,OMN,2005,43.0,15.27,512.0
Oman,OMN,2006,37.82,16.1,512.0
Oman,OMN,2007,55.24,26.68,512.0
Oman,OMN,2008,29.5,20.59,512.0
Oman,OMN,2009,40.52,22.47,512.0
Oman,OMN,2010,43.57,28.32,512.0
Oman,OMN,2011,34.66,26.86,512.0
Oman,OMN,2012,34.65,30.29,512.0
Oman,OMN,2013,40.88,36.77,512.0
Oman,OMN,2014,40.81,37.83,512.0
Oman,OMN,2015,52.25,41.12,512.0
Oman,OMN,2016,30.99,23.29,512.0
Oman,OMN,2017,26.34,21.3,512.0
Oman,OMN,2018,20.53,18.78,512.0
Oman,OMN,2019,19.44,17.12,512.0
Oman,OMN,2020,21.71,16.48,512.0
Oman,OMN,2021,21.65,18.9,512.0
Oman,OMN,2022,20.27,22.27,512.0
Oman,OMN,2023,21.94,23.29,512.0
Oman,OMN,2024,29.92,32.05,512.0
Oman,OMN,2025,37.68,41.3,512.0
Pakistan,PAK,1993,24.42,12.65,586.0
Pakistan,PAK,1994,24.72,12.93,586.0
Pakistan,PAK,1995,15.6,9.46,586.0
Pakistan,PAK,1996,18.42,11.66,586.0
Pakistan,PAK,1997,18.91,11.81,586.0
Pakistan,PAK,1998,8.71,5.42,586.0
Pakistan,PAK,1999,11.13,7.01,586.0
Pakistan,PAK,2000,6.66,6.62,586.0
Pakistan,PAK,2001,5.05,4.9,586.0
Pakistan,PAK,2004,34.49,45.6,586.0
Pakistan,PAK,2005,31.21,45.32,586.0
Pakistan,PAK,2006,27.74,44.91,586.0
Pakistan,PAK,2007,37.86,69.72,586.0
Pakistan,PAK,2008,11.55,23.35,586.0
Pakistan,PAK,2009,17.02,31.89,586.0
Pakistan,PAK,2010,19.32,38.01,586.0
Pakistan,PAK,2011,14.12,32.57,586.0
Pakistan,PAK,2018,15.59,55.5,586.0
Pakistan,PAK,2019,15.76,50.56,586.0
Pakistan,PAK,2020,16.74,50.28,586.0
Pakistan,PAK,2021,12.37,43.1,586.0
Pakistan,PAK,2022,7.66,28.71,586.0
Pakistan,PAK,2023,9.58,32.26,586.0
Pakistan,PAK,2024,14.01,52.07,586.0
Pakistan,PAK,2025,17.26,70.29,586.0
Panama,PAN,1993,4.96,0.44,591.0
Panama,PAN,1994,8.13,0.76,591.0
Panama,PAN,1995,8.68,0.83,591.0
Panama,PAN,1996,13.91,1.28,591.0
Panama,PAN,1997,21.62,2.18,591.0
Panama,PAN,1998,34.64,3.82,591.0
Panama,PAN,1999,29.86,3.48,591.0
Panama,PAN,2000,23.35,2.79,591.0
Panama,PAN,2001,21.24,2.6,591.0
Panama,PAN,2002,24.17,3.09,591.0
Panama,PAN,2003,23.67,3.22,591.0
Panama,PAN,2004,27.83,4.2,591.0
Panama,PAN,2005,35.87,5.96,591.0
Panama,PAN,2006,38.33,7.15,591.0
Panama,PAN,2007,33.17,7.2,591.0
Panama,PAN,2008,27.47,7.07,591.0
Panama,PAN,2009,27.79,7.72,591.0
Panama,PAN,2010,27.61,8.35,591.0
Panama,PAN,2011,29.93,10.68,591.0
Panama,PAN,2012,30.16,12.54,591.0
Panama,PAN,2013,26.77,12.57,591.0
Panama,PAN,2014,26.75,13.76,591.0
Panama,PAN,2015,23.62,13.17,591.0
Panama,PAN,2016,22.7,13.56,591.0
Panama,PAN,2017,23.35,15.02,591.0
Panama,PAN,2018,23.25,15.65,591.0
Panama,PAN,2019,24.76,17.27,591.0
Panama,PAN,2020,24.43,13.94,591.0
Panama,PAN,2021,22.94,15.46,591.0
Panama,PAN,2022,20.43,15.63,591.0
Panama,PAN,2023,24.29,20.35,591.0
Panama,PAN,2024,21.14,18.29,591.0
Panama,PAN,2025,30.05,27.18,591.0
Papua New Guinea,PNG,2003,83.77,2.96,598.0
Papua New Guinea,PNG,2004,97.4,3.83,598.0
Papua New Guinea,PNG,2005,126.15,6.14,598.0
Papua New Guinea,PNG,2006,92.69,7.74,598.0
Papua New Guinea,PNG,2007,135.79,12.96,598.0
Papua New Guinea,PNG,2008,95.81,11.18,598.0
Papua New Guinea,PNG,2009,150.73,17.51,598.0
Papua New Guinea,PNG,2010,77.38,11.03,598.0
Papua New Guinea,PNG,2011,70.02,12.59,598.0
Papua New Guinea,PNG,2013,13.79,2.93,598.0
Papua New Guinea,PNG,2014,14.26,3.31,598.0
Papua New Guinea,PNG,2015,7.91,1.72,598.0
Papua New Guinea,PNG,2016,7.92,1.64,598.0
Papua New Guinea,PNG,2017,7.39,1.68,598.0
Paraguay,PRY,1996,3.96,0.39,600.0
Paraguay,PRY,1997,4.25,0.42,600.0
Paraguay,PRY,1998,3.96,0.37,600.0
Paraguay,PRY,1999,3.54,0.31,600.0
Peru,PER,1997,26.65,15.5,604.0
Peru,PER,1998,17.78,9.87,604.0
Peru,PER,1999,24.09,12.09,604.0
Peru,PER,2000,18.84,9.75,604.0
Peru,PER,2001,18.82,9.79,604.0
Peru,PER,2002,20.89,11.44,604.0
Peru,PER,2003,24.05,14.13,604.0
Peru,PER,2004,27.07,18.07,604.0
Peru,PER,2005,31.74,24.14,604.0
Peru,PER,2006,45.15,40.02,604.0
Peru,PER,2007,67.91,69.39,604.0
Peru,PER,2008,31.42,37.88,604.0
Peru,PER,2009,59.31,71.66,604.0
Peru,PER,2010,70.05,103.35,604.0
Peru,PER,2011,47.67,81.88,604.0
Peru,PER,2012,53.27,102.62,604.0
Peru,PER,2013,40.25,80.98,604.0
Peru,PER,2014,39.27,78.84,604.0
Peru,PER,2015,29.8,56.56,604.0
Peru,PER,2016,42.26,81.09,604.0
Peru,PER,2017,47.02,99.22,604.0
Peru,PER,2018,41.95,93.39,604.0
Peru,PER,2019,43.34,98.96,604.0
Peru,PER,2020,43.24,87.09,604.0
Peru,PER,2021,34.46,78.03,604.0
Peru,PER,2022,28.97,71.31,604.0
Peru,PER,2023,31.7,84.97,604.0
Peru,PER,2024,28.17,82.2,604.0
Peru,PER,2025,31.41,105.16,604.0
Philippines,PHL,1996,85.21,80.65,608.0
Philippines,PHL,1997,33.32,31.36,608.0
Philippines,PHL,1998,47.38,35.3,608.0
Philippines,PHL,1999,49.25,42.18,608.0
Philippines,PHL,2000,31.05,25.98,608.0
Philippines,PHL,2001,26.92,21.25,608.0
Philippines,PHL,2002,21.95,18.51,608.0
Philippines,PHL,2003,26.63,23.18,608.0
Philippines,PHL,2004,30.11,28.6,608.0
Philippines,PHL,2005,37.05,39.8,608.0
Philippines,PHL,2006,53.15,67.85,608.0
Philippines,PHL,2007,65.94,102.85,608.0
Philippines,PHL,2008,28.65,52.03,608.0
Philippines,PHL,2009,49.07,86.35,608.0
Philippines,PHL,2010,75.5,157.32,608.0
Philippines,PHL,2011,70.48,165.07,608.0
Philippines,PHL,2012,87.55,229.32,608.0
Philippines,PHL,2013,76.55,217.32,608.0
Philippines,PHL,2014,88.02,261.84,608.0
Philippines,PHL,2015,77.93,238.82,608.0
Philippines,PHL,2016,75.24,239.74,608.0
Philippines,PHL,2017,88.41,290.4,608.0
Philippines,PHL,2018,74.45,258.22,608.0
Philippines,PHL,2019,73.08,275.37,608.0
Philippines,PHL,2020,75.41,272.79,608.0
Philippines,PHL,2021,72.43,285.42,608.0
Philippines,PHL,2022,59.0,238.58,608.0
Philippines,PHL,2023,54.1,236.46,608.0
Philippines,PHL,2024,54.55,251.83,608.0
Philippines,PHL,2025,47.64,232.06,608.0
Poland,POL,1995,3.2,4.56,616.0
Poland,POL,1996,5.21,8.37,616.0
Poland,POL,1997,7.59,12.13,616.0
Poland,POL,1998,11.67,20.46,616.0
Poland,POL,1999,17.33,29.58,616.0
Poland,POL,2000,18.09,31.28,616.0
Poland,POL,2001,13.56,26.02,616.0
Poland,POL,2002,14.21,28.38,616.0
Poland,POL,2003,16.94,37.02,616.0
Poland,POL,2004,27.52,70.53,616.0
Poland,POL,2005,30.63,94.03,616.0
Poland,POL,2006,43.03,148.85,616.0
Poland,POL,2007,49.25,211.62,616.0
Poland,POL,2008,16.96,90.82,616.0
Poland,POL,2009,34.24,150.96,616.0
Poland,POL,2010,39.89,190.71,616.0
Poland,POL,2011,26.19,138.24,616.0
Poland,POL,2012,35.61,177.41,616.0
Poland,POL,2013,39.47,204.54,616.0
Poland,POL,2014,31.15,168.9,616.0
Poland,POL,2015,28.7,137.77,616.0
Poland,POL,2016,29.31,138.69,616.0
Poland,POL,2017,38.12,201.39,616.0
Poland,POL,2018,26.99,160.48,616.0
Poland,POL,2019,25.16,151.62,616.0
Poland,POL,2020,29.3,177.51,616.0
Poland,POL,2021,28.64,197.39,616.0
Poland,POL,2022,21.23,147.66,616.0
Poland,POL,2023,26.05,211.65,616.0
Poland,POL,2024,21.51,197.37,616.0
Poland,POL,2025,30.56,316.5,616.0
Portugal,PRT,1997,33.29,38.95,620.0
Portugal,PRT,1998,50.79,62.95,620.0
Portugal,PRT,1999,53.46,68.15,620.0
Portugal,PRT,2000,51.16,60.68,620.0
Portugal,PRT,2001,38.11,46.34,620.0
Portugal,PRT,2002,31.79,42.85,620.0
Portugal,PRT,2003,35.28,58.28,620.0
Portugal,PRT,2004,37.09,70.24,620.0
Portugal,PRT,2005,33.95,66.97,620.0
Portugal,PRT,2006,49.91,104.19,620.0
Portugal,PRT,2007,54.99,132.24,620.0
Portugal,PRT,2008,26.15,68.88,620.0
Portugal,PRT,2009,40.16,98.25,620.0
Portugal,PRT,2010,34.39,82.0,620.0
Portugal,PRT,2011,25.14,61.69,620.0
Portugal,PRT,2012,30.26,65.52,620.0
Portugal,PRT,2013,34.93,79.18,620.0
Portugal,PRT,2014,25.11,57.77,620.0
Portugal,PRT,2015,30.06,59.84,620.0
Portugal,PRT,2016,27.75,57.26,620.0
Portugal,PRT,2017,34.22,75.59,620.0
Portugal,PRT,2018,25.58,61.93,620.0
Qatar,QAT,2007,119.81,95.51,634.0
Qatar,QAT,2008,66.39,76.53,634.0
Qatar,QAT,2013,76.78,152.58,634.0
Qatar,QAT,2014,90.13,185.86,634.0
Qatar,QAT,2015,88.14,142.56,634.0
Qatar,QAT,2016,102.04,154.82,634.0
Qatar,QAT,2017,81.07,130.61,634.0
Qatar,QAT,2018,88.93,163.05,634.0
Qatar,QAT,2019,90.75,160.05,634.0
Qatar,QAT,2020,114.53,165.39,634.0
Qatar,QAT,2021,101.98,183.3,634.0
Qatar,QAT,2022,70.39,165.91,634.0
Qatar,QAT,2023,80.54,171.55,634.0
Qatar,QAT,2024,78.73,170.28,634.0
Qatar,QAT,2025,82.07,176.91,634.0
Romania,ROU,1998,0.86,0.36,642.0
Romania,ROU,1999,0.87,0.31,642.0
Romania,ROU,2000,0.98,0.36,642.0
Romania,ROU,2001,2.73,1.1,642.0
Romania,ROU,2002,5.4,2.49,642.0
Romania,ROU,2003,5.89,3.4,642.0
Romania,ROU,2004,14.62,10.96,642.0
Romania,ROU,2005,16.11,15.86,642.0
Romania,ROU,2006,20.68,25.23,642.0
Romania,ROU,2007,17.55,30.64,642.0
Romania,ROU,2008,7.07,15.15,642.0
Romania,ROU,2009,7.51,13.07,642.0
Romania,ROU,2010,8.35,14.2,642.0
Romania,ROU,2011,7.28,14.02,642.0
Romania,ROU,2013,12.95,24.57,642.0
Romania,ROU,2014,11.21,22.39,642.0
Romania,ROU,2015,10.42,18.54,642.0
Romania,ROU,2016,9.75,18.07,642.0
Romania,ROU,2017,11.24,23.62,642.0
Romania,ROU,2018,8.62,20.85,642.0
Romania,ROU,2019,10.44,26.11,642.0
Romania,ROU,2020,10.18,25.51,642.0
Romania,ROU,2021,11.33,32.29,642.0
Romania,ROU,2022,9.81,28.98,642.0
Romania,ROU,2023,13.76,47.86,642.0
Romania,ROU,2024,12.39,47.41,642.0
Romania,ROU,2025,16.54,70.89,642.0
Russian Federation,RUS,2009,62.3,761.74,643.0
Russian Federation,RUS,2010,62.38,951.3,643.0
Russian Federation,RUS,2011,38.3,783.55,643.0
Russian Federation,RUS,2012,37.37,825.34,643.0
Russian Federation,RUS,2013,33.62,770.66,643.0
Russian Federation,RUS,2014,18.74,385.93,643.0
Russian Federation,RUS,2015,28.84,393.24,643.0
Russian Federation,RUS,2016,48.72,622.05,643.0
Russian Federation,RUS,2017,39.6,623.42,643.0
Russian Federation,RUS,2018,34.76,576.12,643.0
Russian Federation,RUS,2019,46.75,791.52,643.0
Russian Federation,RUS,2020,46.53,694.74,643.0
Russian Federation,RUS,2021,46.02,841.85,643.0
Russian Federation,RUS,2022,23.12,530.1,643.0
Russian Federation,RUS,2023,31.79,650.49,643.0
Rwanda,RWA,2018,35.51,3.43,646.0
Rwanda,RWA,2019,30.56,3.21,646.0
Rwanda,RWA,2020,33.31,3.49,646.0
Rwanda,RWA,2021,31.75,3.57,646.0
Rwanda,RWA,2022,25.06,3.44,646.0
Rwanda,RWA,2023,19.81,2.93,646.0
Rwanda,RWA,2024,18.23,2.75,646.0
Rwanda,RWA,2025,19.56,3.2,646.0
Saudi Arabia,SAU,2009,74.28,318.73,682.0
Saudi Arabia,SAU,2010,66.91,353.41,682.0
Saudi Arabia,SAU,2011,49.79,338.87,682.0
Saudi Arabia,SAU,2012,49.66,373.37,682.0
Saudi Arabia,SAU,2013,60.72,467.37,682.0
Saudi Arabia,SAU,2014,61.38,483.12,682.0
Saudi Arabia,SAU,2015,60.72,421.06,682.0
Saudi Arabia,SAU,2016,65.12,448.83,682.0
Saudi Arabia,SAU,2017,60.89,451.38,682.0
Saudi Arabia,SAU,2018,55.99,496.35,682.0
Saudi Arabia,SAU,2019,270.77,2406.82,682.0
Saudi Arabia,SAU,2020,316.31,2429.1,682.0
Saudi Arabia,SAU,2021,271.85,2671.33,682.0
Saudi Arabia,SAU,2022,212.95,2638.59,682.0
Saudi Arabia,SAU,2023,247.45,3015.36,682.0
Saudi Arabia,SAU,2024,217.44,2727.0,682.0
Saudi Arabia,SAU,2025,184.71,2358.62,682.0
Serbia,SRB,2003,6.05,1.43,688.0
Serbia,SRB,2004,12.14,3.26,688.0
Serbia,SRB,2005,24.69,7.0,688.0
Serbia,SRB,2006,47.64,15.86,688.0
Serbia,SRB,2007,65.95,29.6,688.0
Serbia,SRB,2008,28.28,15.33,688.0
Serbia,SRB,2009,30.44,14.29,688.0
Serbia,SRB,2010,9.55,4.16,688.0
Serbia,SRB,2011,7.91,4.06,688.0
Seychelles,SYC,2018,15.9,0.28,
Seychelles,SYC,2019,60.82,1.14,
Seychelles,SYC,2020,88.57,1.22,
Seychelles,SYC,2021,81.39,1.21,
Seychelles,SYC,2022,60.79,1.22,
Seychelles,SYC,2023,30.16,0.65,
Seychelles,SYC,2024,36.39,0.81,
Seychelles,SYC,2025,27.08,0.65,
Singapore,SGP,1990,94.81,34.27,702.0
Singapore,SGP,1991,104.68,47.59,702.0
Singapore,SGP,1992,93.87,48.93,702.0
Singapore,SGP,1993,218.91,132.67,702.0
Singapore,SGP,1994,181.97,134.09,702.0
Singapore,SGP,1995,168.55,148.0,702.0
Singapore,SGP,1996,155.82,150.04,702.0
Singapore,SGP,1997,104.31,104.44,702.0
Singapore,SGP,1998,110.8,94.99,702.0
Singapore,SGP,1999,223.65,192.98,702.0
Singapore,SGP,2000,159.07,152.83,702.0
Singapore,SGP,2001,128.84,115.69,702.0
Singapore,SGP,2002,109.67,101.49,702.0
Singapore,SGP,2003,152.08,148.5,702.0
Singapore,SGP,2004,189.07,217.5,702.0
Singapore,SGP,2005,201.35,257.34,702.0
Singapore,SGP,2006,258.56,384.29,702.0
Singapore,SGP,2007,297.98,539.18,702.0
Singapore,SGP,2008,136.85,264.97,702.0
Singapore,SGP,2009,247.87,481.25,702.0
Singapore,SGP,2010,269.89,647.23,702.0
Singapore,SGP,2011,214.16,598.27,702.0
Singapore,SGP,2012,259.27,765.08,702.0
Singapore,SGP,2013,242.03,744.41,702.0
Singapore,SGP,2014,239.1,752.83,702.0
Singapore,SGP,2015,207.78,639.96,702.0
Singapore,SGP,2016,199.66,640.43,702.0
Singapore,SGP,2017,228.33,787.26,702.0
Singapore,SGP,2018,181.83,687.26,702.0
Singapore,SGP,2019,185.04,697.27,702.0
Singapore,SGP,2020,185.81,652.61,702.0
Singapore,SGP,2021,150.39,663.39,702.0
Singapore,SGP,2022,120.44,619.36,702.0
Singapore,SGP,2023,119.0,608.31,702.0
Singapore,SGP,2024,111.3,637.63,702.0
Singapore,SGP,2025,136.51,824.34,702.0
Slovak Republic,SVK,1993,18.77,2.63,703.0
Slovak Republic,SVK,1994,18.14,2.94,703.0
Slovak Republic,SVK,1995,5.92,1.2,703.0
Slovak Republic,SVK,1996,5.53,1.21,703.0
Slovak Republic,SVK,1997,6.17,1.36,703.0
Slovak Republic,SVK,1998,2.84,0.65,703.0
Slovak Republic,SVK,1999,2.21,0.46,703.0
Slovak Republic,SVK,2000,2.11,0.44,703.0
Slovak Republic,SVK,2001,2.54,0.54,703.0
Slovak Republic,SVK,2002,3.74,0.93,703.0
Slovak Republic,SVK,2003,3.84,1.29,703.0
Slovak Republic,SVK,2004,5.61,2.41,703.0
Slovak Republic,SVK,2005,5.03,2.46,703.0
Slovak Republic,SVK,2006,10.21,5.83,703.0
Slovak Republic,SVK,2007,8.97,6.91,703.0
Slovak Republic,SVK,2008,5.57,5.38,703.0
Slovak Republic,SVK,2009,5.7,5.09,703.0
Slovak Republic,SVK,2010,4.57,4.17,703.0
Slovak Republic,SVK,2011,5.45,5.43,703.0
Slovak Republic,SVK,2012,5.7,5.4,703.0
Slovak Republic,SVK,2013,5.66,5.62,703.0
Slovak Republic,SVK,2014,5.29,5.38,703.0
Slovenia,SVN,1997,9.05,1.88,705.0
Slovenia,SVN,1998,13.53,2.98,705.0
Slovenia,SVN,1999,12.62,2.85,705.0
Slovenia,SVN,2000,15.38,3.1,705.0
Slovenia,SVN,2001,16.75,3.46,705.0
Slovenia,SVN,2002,24.03,5.58,705.0
Slovenia,SVN,2003,24.3,7.13,705.0
Slovenia,SVN,2004,28.33,9.68,705.0
Slovenia,SVN,2005,21.97,7.9,705.0
Slovenia,SVN,2006,38.67,15.18,705.0
Slovenia,SVN,2007,60.27,28.86,705.0
Slovenia,SVN,2008,21.26,11.8,705.0
Slovenia,SVN,2009,24.29,12.14,705.0
Slovenia,SVN,2010,19.73,9.43,705.0
Slovenia,SVN,2011,12.36,6.33,705.0
Slovenia,SVN,2012,14.02,6.47,705.0
Slovenia,SVN,2013,14.89,7.13,705.0
Slovenia,SVN,2014,15.19,7.52,705.0
Slovenia,SVN,2015,14.13,6.03,705.0
Slovenia,SVN,2016,11.88,5.26,705.0
Slovenia,SVN,2017,13.12,6.32,705.0
Slovenia,SVN,2018,13.53,7.27,705.0
Slovenia,SVN,2019,14.7,7.92,705.0
Slovenia,SVN,2020,15.83,8.45,705.0
Slovenia,SVN,2021,17.51,10.77,705.0
Slovenia,SVN,2022,13.64,8.17,705.0
Slovenia,SVN,2023,14.6,10.11,705.0
Slovenia,SVN,2024,15.68,11.44,705.0
Slovenia,SVN,2025,26.03,20.74,705.0
South Africa,ZAF,1990,108.58,136.87,710.0
South Africa,ZAF,1991,136.61,184.7,710.0
South Africa,ZAF,1992,111.63,164.05,710.0
South Africa,ZAF,1993,147.49,217.1,710.0
South Africa,ZAF,1994,169.06,259.52,710.0
South Africa,ZAF,1995,161.52,277.39,710.0
South Africa,ZAF,1996,147.99,241.57,710.0
South Africa,ZAF,1997,136.14,230.04,710.0
South Africa,ZAF,1998,110.17,168.54,710.0
South Africa,ZAF,1999,171.43,259.74,710.0
South Africa,ZAF,2000,134.63,204.3,710.0
South Africa,ZAF,2001,108.89,147.47,710.0
South Africa,ZAF,2002,140.99,182.0,710.0
South Africa,ZAF,2003,132.35,260.75,710.0
South Africa,ZAF,2004,172.99,442.52,710.0
South Africa,ZAF,2005,190.16,549.31,710.0
South Africa,ZAF,2006,234.07,711.23,710.0
South Africa,ZAF,2007,248.65,828.19,710.0
South Africa,ZAF,2008,152.69,482.7,710.0
South Africa,ZAF,2009,242.31,799.02,710.0
South Africa,ZAF,2010,221.63,925.01,710.0
South Africa,ZAF,2011,172.2,789.04,710.0
South Africa,ZAF,2012,208.96,907.72,710.0
South Africa,ZAF,2013,235.18,942.81,710.0
South Africa,ZAF,2014,245.0,933.93,710.0
South Africa,ZAF,2015,212.27,735.95,710.0
South Africa,ZAF,2016,293.99,951.32,710.0
South Africa,ZAF,2017,322.71,1230.98,710.0
South Africa,ZAF,2018,213.52,865.33,710.0
South Africa,ZAF,2019,271.32,1056.34,710.0
South Africa,ZAF,2020,311.13,1051.53,710.0
South Africa,ZAF,2021,272.15,1143.0,710.0
South Africa,ZAF,2022,287.48,1171.75,710.0
South Africa,ZAF,2023,268.93,1025.83,710.0
South Africa,ZAF,2024,245.72,985.7,710.0
South Africa,ZAF,2025,327.24,1397.93,710.0
Spain,ESP,1990,20.79,111.45,724.0
Spain,ESP,1991,25.63,147.82,724.0
Spain,ESP,1992,18.43,116.22,724.0
Spain,ESP,1993,22.62,118.67,724.0
Spain,ESP,1994,29.23,154.98,724.0
Spain,ESP,1995,31.03,190.57,724.0
Spain,ESP,1996,37.53,241.03,724.0
Spain,ESP,1997,49.24,290.38,724.0
Spain,ESP,1998,65.0,402.16,724.0
Spain,ESP,1999,67.92,430.9,724.0
Spain,ESP,2000,84.3,504.22,724.0
Spain,ESP,2001,74.58,468.2,724.0
Spain,ESP,2002,65.11,461.56,724.0
Spain,ESP,2003,79.99,726.24,724.0
Spain,ESP,2004,87.93,940.67,724.0
Spain,ESP,2005,83.13,959.91,724.0
Spain,ESP,2006,104.84,1322.92,724.0
Spain,ESP,2007,121.88,1799.83,724.0
Spain,ESP,2008,57.96,948.35,724.0
Spain,ESP,2009,95.85,1434.54,724.0
Spain,ESP,2010,82.05,1171.62,724.0
Spain,ESP,2011,69.31,1030.99,724.0
Spain,ESP,2012,74.76,995.09,724.0
Spain,ESP,2013,81.97,1116.56,724.0
Spain,ESP,2014,71.94,992.91,724.0
Spain,ESP,2015,65.26,787.19,724.0
Spain,ESP,2016,56.68,704.55,724.0
Spain,ESP,2017,67.25,888.84,724.0
Spain,ESP,2018,50.55,723.69,724.0
Spain,ESP,2019,56.81,797.29,724.0
Spain,ESP,2020,58.86,759.17,724.0
Spain,ESP,2021,53.08,775.65,724.0
Spain,ESP,2022,45.93,665.5,724.0
Spain,ESP,2023,47.52,769.58,724.0
Spain,ESP,2024,43.69,753.99,724.0
Spain,ESP,2025,68.06,1297.63,724.0
Sri Lanka,LKA,1999,10.08,1.58,144.0
Sri Lanka,LKA,2000,6.47,1.07,144.0
Sri Lanka,LKA,2001,8.45,1.33,144.0
Sri Lanka,LKA,2002,10.16,1.68,144.0
Sri Lanka,LKA,2003,14.36,2.71,144.0
Sri Lanka,LKA,2004,17.7,3.66,144.0
Sri Lanka,LKA,2005,23.44,5.72,144.0
Sri Lanka,LKA,2006,27.48,7.77,144.0
Sri Lanka,LKA,2007,23.35,7.55,144.0
Sri Lanka,LKA,2008,10.53,4.29,144.0
Sri Lanka,LKA,2009,22.69,9.55,144.0
Sri Lanka,LKA,2010,33.98,19.92,144.0
Sri Lanka,LKA,2011,28.69,19.44,144.0
Sri Lanka,LKA,2012,24.09,16.97,144.0
Sri Lanka,LKA,2013,24.43,18.81,144.0
Sri Lanka,LKA,2014,28.67,23.67,144.0
Sri Lanka,LKA,2015,24.45,20.8,144.0
Sri Lanka,LKA,2016,21.23,18.68,144.0
Sri Lanka,LKA,2017,20.09,18.96,144.0
Sri Lanka,LKA,2018,16.49,15.58,144.0
Sri Lanka,LKA,2019,17.66,15.72,144.0
Sri Lanka,LKA,2020,18.95,15.98,144.0
Sri Lanka,LKA,2021,30.55,27.06,144.0
Sri Lanka,LKA,2022,14.29,10.6,144.0
Sri Lanka,LKA,2023,15.61,13.12,144.0
Sri Lanka,LKA,2024,19.58,19.5,144.0
Sri Lanka,LKA,2025,24.0,26.11,144.0
Sub-Saharan Africa (excluding high income),SSA,1993,91.47,223.15,
Sub-Saharan Africa (excluding high income),SSA,1994,98.76,271.27,
Sub-Saharan Africa (excluding high income),SSA,1995,80.57,293.74,
Sub-Saharan Africa (excluding high income),SSA,1996,64.01,264.41,
Sub-Saharan Africa (excluding high income),SSA,1997,60.06,250.93,
Sub-Saharan Africa (excluding high income),SSA,1998,43.1,188.34,
Sub-Saharan Africa (excluding high income),SSA,1999,98.41,271.13,
Sub-Saharan Africa (excluding high income),SSA,2019,83.11,1165.33,
Sub-Saharan Africa (excluding high income),SSA,2020,89.76,1168.76,
Sweden,SWE,1990,35.19,92.01,752.0
Sweden,SWE,1991,35.44,97.06,752.0
Sweden,SWE,1992,27.5,78.08,752.0
Sweden,SWE,1993,47.27,100.51,752.0
Sweden,SWE,1994,52.15,119.26,752.0
Sweden,SWE,1995,64.61,172.55,752.0
Sweden,SWE,1996,82.34,240.38,752.0
Sweden,SWE,1997,98.68,264.71,752.0
Sweden,SWE,1998,102.89,278.71,752.0
Sweden,SWE,1999,136.07,373.28,752.0
Sweden,SWE,2000,124.89,328.34,752.0
Sweden,SWE,2001,97.53,236.51,752.0
Sweden,SWE,2002,66.99,179.12,752.0
Sweden,SWE,2003,86.77,289.88,752.0
Switzerland,CHE,1990,58.43,157.63,756.0
Switzerland,CHE,1991,69.49,189.68,756.0
Switzerland,CHE,1992,68.32,194.14,756.0
Switzerland,CHE,1993,98.02,270.88,756.0
Switzerland,CHE,1994,93.16,284.98,756.0
Switzerland,CHE,1995,111.15,398.1,756.0
Switzerland,CHE,1996,115.9,400.28,756.0
Switzerland,CHE,1997,192.51,575.34,756.0
Switzerland,CHE,1998,224.56,689.2,756.0
Switzerland,CHE,1999,224.65,678.23,756.0
Switzerland,CHE,2000,280.64,792.32,756.0
Switzerland,CHE,2001,181.75,527.36,756.0
Switzerland,CHE,2002,195.16,612.67,756.0
Switzerland,CHE,2003,198.36,727.1,756.0
Switzerland,CHE,2004,202.71,829.1,756.0
Switzerland,CHE,2005,221.12,938.7,756.0
Switzerland,CHE,2006,270.43,1212.53,756.0
Switzerland,CHE,2007,255.45,1274.66,756.0
Switzerland,CHE,2008,153.18,880.33,756.0
Switzerland,CHE,2009,188.89,1064.69,756.0
Switzerland,CHE,2010,201.53,1229.36,756.0
Switzerland,CHE,2011,149.82,1089.52,756.0
Switzerland,CHE,2012,176.74,1233.44,756.0
Switzerland,CHE,2013,214.36,1540.7,756.0
Switzerland,CHE,2014,201.75,1495.31,756.0
Switzerland,CHE,2015,215.14,1519.32,756.0
Switzerland,CHE,2016,200.88,1403.36,756.0
Switzerland,CHE,2017,238.66,1686.5,756.0
Switzerland,CHE,2018,194.55,1441.16,756.0
Switzerland,CHE,2019,249.12,1834.45,756.0
Switzerland,CHE,2020,264.73,2001.6,756.0
Switzerland,CHE,2021,276.87,2327.71,756.0
Switzerland,CHE,2022,213.23,1830.52,756.0
Switzerland,CHE,2023,220.23,2044.69,756.0
Switzerland,CHE,2024,203.26,1971.41,756.0
Switzerland,CHE,2025,240.94,2514.31,756.0
Tanzania,TZA,1999,1.35,0.17,834.0
Tanzania,TZA,2000,1.73,0.23,834.0
Tanzania,TZA,2001,2.93,0.4,834.0
Tanzania,TZA,2019,6.45,3.94,834.0
Tanzania,TZA,2020,9.81,6.48,834.0
Tanzania,TZA,2021,9.68,6.84,834.0
Tanzania,TZA,2022,8.84,6.7,834.0
Tanzania,TZA,2023,7.34,5.8,834.0
Tanzania,TZA,2024,9.24,7.32,834.0
Tanzania,TZA,2025,10.85,9.78,834.0
Thailand,THA,1990,23.97,20.45,764.0
Thailand,THA,1991,38.75,38.07,764.0
Thailand,THA,1992,51.39,57.28,764.0
Thailand,THA,1993,99.4,128.12,764.0
Thailand,THA,1994,86.65,127.1,764.0
Thailand,THA,1995,82.87,140.28,764.0
Thailand,THA,1996,52.83,96.7,764.0
Thailand,THA,1997,15.24,22.89,764.0
Thailand,THA,1998,30.13,34.25,764.0
Thailand,THA,1999,45.14,57.18,764.0
Thailand,THA,2000,23.12,29.22,764.0
Thailand,THA,2001,29.88,35.94,764.0
Thailand,THA,2002,33.88,45.5,764.0
Thailand,THA,2003,78.16,119.02,764.0
Thailand,THA,2004,66.74,115.39,764.0
Thailand,THA,2005,65.44,123.88,764.0
Thailand,THA,2006,63.2,140.16,764.0
Thailand,THA,2007,74.97,197.13,764.0
Thailand,THA,2008,35.39,103.13,764.0
Thailand,THA,2009,62.81,176.96,764.0
Thailand,THA,2010,81.42,277.73,764.0
Thailand,THA,2011,72.4,268.49,764.0
Thailand,THA,2012,98.04,389.76,764.0
Thailand,THA,2013,84.31,354.37,764.0
Thailand,THA,2014,105.67,430.43,764.0
Thailand,THA,2015,86.92,348.8,764.0
Thailand,THA,2016,104.74,432.96,764.0
Thailand,THA,2017,120.26,548.8,764.0
Thailand,THA,2018,98.81,500.74,764.0
Thailand,THA,2019,104.64,569.23,764.0
Thailand,THA,2020,108.57,543.16,764.0
Thailand,THA,2021,118.35,598.91,764.0
Thailand,THA,2022,121.92,604.36,764.0
Thailand,THA,2023,100.5,519.6,764.0
Thailand,THA,2024,98.17,519.67,764.0
Thailand,THA,2025,88.8,512.38,764.0
Trinidad and Tobago,TTO,2000,41.92,3.42,780.0
Trinidad and Tobago,TTO,2001,44.07,3.89,780.0
Tunisia,TUN,1995,22.34,4.03,788.0
Tunisia,TUN,1996,19.21,3.76,788.0
Tunisia,TUN,1997,10.78,2.24,788.0
Tunisia,TUN,1998,9.97,2.17,788.0
Tunisia,TUN,2010,23.05,10.65,788.0
Tunisia,TUN,2011,20.08,9.66,788.0
Tunisia,TUN,2013,17.67,8.6,788.0
Tunisia,TUN,2014,17.39,8.74,788.0
Tunisia,TUN,2015,19.26,8.82,788.0
Tunisia,TUN,2016,19.05,8.45,788.0
Tunisia,TUN,2017,21.16,8.92,788.0
Tunisia,TUN,2018,19.51,8.33,788.0
Tunisia,TUN,2019,20.29,8.5,788.0
Tunisia,TUN,2020,20.17,8.57,788.0
Tunisia,TUN,2021,17.16,8.08,788.0
Tunisia,TUN,2022,17.26,7.75,788.0
Tunisia,TUN,2023,16.5,7.95,788.0
Tunisia,TUN,2024,16.15,8.3,788.0
Tunisia,TUN,2025,20.84,11.98,788.0
Turkiye,TUR,1993,20.29,36.61,792.0
Turkiye,TUR,1994,16.54,21.61,792.0
Turkiye,TUR,1995,8.85,20.77,792.0
Turkiye,TUR,1996,12.11,30.31,792.0
Turkiye,TUR,1997,23.16,61.1,792.0
Turkiye,TUR,1998,12.19,33.65,792.0
Turkiye,TUR,1999,43.91,112.72,792.0
Turkiye,TUR,2000,25.37,69.71,792.0
Turkiye,TUR,2001,23.93,48.39,792.0
Turkiye,TUR,2002,14.97,36.04,792.0
Turkiye,TUR,2003,21.68,68.38,792.0
Turkiye,TUR,2004,23.97,98.3,792.0
Turkiye,TUR,2005,31.48,160.0,792.0
Turkiye,TUR,2006,28.74,160.88,792.0
Turkiye,TUR,2007,41.52,284.53,792.0
Turkiye,TUR,2008,15.16,117.58,792.0
Turkiye,TUR,2009,35.43,231.68,792.0
Turkiye,TUR,2010,38.65,302.44,792.0
Turkiye,TUR,2011,23.34,197.07,792.0
Turkiye,TUR,2012,35.6,315.2,792.0
Turkiye,TUR,2013,20.34,195.75,792.0
Turkiye,TUR,2014,23.32,219.76,792.0
Turkiye,TUR,2015,21.82,188.86,792.0
Turkiye,TUR,2016,19.72,171.76,792.0
Turkiye,TUR,2017,26.34,227.51,792.0
Turkiye,TUR,2018,18.93,149.26,792.0
Turkiye,TUR,2019,23.84,184.97,792.0
Turkiye,TUR,2020,32.37,237.47,792.0
Turkiye,TUR,2021,16.48,138.4,792.0
Turkiye,TUR,2022,35.63,330.01,792.0
Turkiye,TUR,2023,29.58,337.59,792.0
Turkiye,TUR,2024,27.88,378.96,792.0
Turkiye,TUR,2025,25.31,404.35,792.0
Ukraine,UKR,2010,27.55,38.9,804.0
Ukraine,UKR,2011,15.15,25.65,804.0
Ukraine,UKR,2013,11.57,22.05,804.0
Ukraine,UKR,2014,9.17,12.25,804.0
Ukraine,UKR,2015,6.28,5.72,804.0
Ukraine,UKR,2016,4.77,4.45,804.0
Ukraine,UKR,2017,4.64,5.2,804.0
Ukraine,UKR,2018,3.37,4.42,804.0
United Arab Emirates,ARE,2007,48.93,126.21,784.0
United Arab Emirates,ARE,2008,34.03,107.35,784.0
United Arab Emirates,ARE,2009,54.52,138.24,784.0
United Arab Emirates,ARE,2010,42.73,131.49,784.0
United Arab Emirates,ARE,2011,25.41,93.73,784.0
United Arab Emirates,ARE,2012,25.8,101.33,784.0
United Arab Emirates,ARE,2013,44.02,180.32,784.0
United Arab Emirates,ARE,2014,47.44,201.6,784.0
United Arab Emirates,ARE,2015,51.28,195.87,784.0
United Arab Emirates,ARE,2016,55.86,213.21,784.0
United Arab Emirates,ARE,2017,57.54,232.1,784.0
United Arab Emirates,ARE,2018,52.52,231.38,784.0
United Arab Emirates,ARE,2019,56.88,246.82,784.0
United Arab Emirates,ARE,2020,82.55,294.83,784.0
United Arab Emirates,ARE,2021,131.39,555.06,784.0
United Arab Emirates,ARE,2022,170.82,873.56,784.0
United Arab Emirates,ARE,2023,190.23,994.17,784.0
United Arab Emirates,ARE,2024,190.86,1054.16,784.0
United Arab Emirates,ARE,2025,,1111.44,784.0
United Kingdom,GBR,1990,77.74,849.85,826.0
United Kingdom,GBR,1991,86.62,989.92,826.0
United Kingdom,GBR,1992,80.95,954.88,826.0
United Kingdom,GBR,1993,108.38,1150.28,826.0
United Kingdom,GBR,1994,100.25,1143.33,826.0
United Kingdom,GBR,1995,98.58,1329.94,826.0
United Kingdom,GBR,1996,120.06,1711.23,826.0
United Kingdom,GBR,1997,131.79,2068.25,826.0
United Kingdom,GBR,1998,138.34,2297.65,826.0
United Kingdom,GBR,1999,174.48,2954.82,826.0
United Kingdom,GBR,2000,154.16,2576.99,826.0
United Kingdom,GBR,2001,129.79,2149.5,826.0
United Kingdom,GBR,2002,103.67,1856.19,826.0
United Kingdom,GBR,2003,117.69,2425.82,826.0
United Kingdom,GBR,2004,115.89,2815.93,826.0
United Kingdom,GBR,2005,119.86,3058.18,826.0
United Kingdom,GBR,2006,139.04,3781.36,826.0
United Kingdom,GBR,2007,123.89,3846.46,826.0
United Kingdom,GBR,2008,63.43,1868.15,826.0
United Kingdom,GBR,2009,115.11,2796.44,826.0
United Kingdom,GBR,2010,107.62,2686.88,826.0
United Kingdom,GBR,2011,109.59,2932.24,826.0
United Kingdom,GBR,2012,121.03,3291.64,826.0
United Kingdom,GBR,2013,141.12,3946.88,826.0
United Kingdom,GBR,2014,115.74,3570.89,826.0
United Kingdom,GBR,2021,118.94,3799.46,826.0
United Kingdom,GBR,2022,97.32,3095.98,826.0
United States,USA,1990,51.88,3093.45,840.0
United States,USA,1991,67.55,4159.6,840.0
United States,USA,1992,69.72,4545.84,840.0
United States,USA,1993,76.56,5251.08,840.0
United States,USA,1994,70.5,5137.74,840.0
United States,USA,1995,91.0,6952.03,840.0
United States,USA,1996,105.05,8480.5,840.0
United States,USA,1997,125.56,10770.14,840.0
United States,USA,1998,142.59,12922.58,840.0
United States,USA,1999,153.43,14777.39,840.0
United States,USA,2000,147.38,15107.75,840.0
United States,USA,2001,132.15,13983.67,840.0
United States,USA,2002,101.15,11054.43,840.0
United States,USA,2003,124.53,14266.27,840.0
United States,USA,2004,133.61,16323.73,840.0
United States,USA,2005,130.38,17000.86,840.0
United States,USA,2006,141.64,19568.97,840.0
United States,USA,2007,137.64,19922.28,840.0
United States,USA,2008,78.47,11590.28,840.0
United States,USA,2009,104.14,15077.29,840.0
United States,USA,2010,114.85,17283.45,840.0
United States,USA,2011,100.26,15640.71,840.0
United States,USA,2012,114.85,18668.33,840.0
United States,USA,2013,142.38,24034.85,840.0
United States,USA,2014,149.54,26330.59,840.0
United States,USA,2015,137.02,25067.54,840.0
United States,USA,2016,145.45,27352.2,840.0
United States,USA,2017,163.78,32120.7,840.0
United States,USA,2018,147.34,30436.31,840.0
United States,USA,2019,158.24,34085.73,840.0
United States,USA,2020,194.48,41569.86,840.0
United States,USA,2021,204.62,48548.54,840.0
United States,USA,2022,154.67,40297.98,840.0
United States,USA,2023,176.11,48979.4,840.0
United States,USA,2024,212.25,62185.69,840.0
United States,USA,2025,224.04,68937.87,840.0
Uruguay,URY,1995,6.74,1.3,858.0
Uruguay,URY,1996,1.38,0.28,858.0
Uzbekistan,UZB,2020,7.46,5.23,860.0
Uzbekistan,UZB,2021,6.4,5.19,860.0
Uzbekistan,UZB,2022,8.94,8.43,860.0
Uzbekistan,UZB,2023,12.76,13.72,860.0
Uzbekistan,UZB,2024,15.49,18.8,860.0
Uzbekistan,UZB,2025,16.12,23.7,860.0
"Venezuela, RB",VEN,1993,12.99,7.8,862.0
"Venezuela, RB",VEN,1994,8.44,4.93,862.0
"Venezuela, RB",VEN,1995,5.54,4.29,862.0
"Venezuela, RB",VEN,1996,14.27,10.06,862.0
"Venezuela, RB",VEN,1997,16.99,14.58,862.0
"Venezuela, RB",VEN,1998,8.3,7.58,862.0
"Venezuela, RB",VEN,1999,7.61,7.45,862.0
"Venezuela, RB",VEN,2000,6.91,8.1,862.0
"Venezuela, RB",VEN,2001,5.06,6.22,862.0
"Venezuela, RB",VEN,2002,4.28,3.98,862.0
Viet Nam,VNM,2008,12.47,12.37,704.0
Viet Nam,VNM,2009,31.42,33.31,704.0
Viet Nam,VNM,2010,25.04,36.85,704.0
Viet Nam,VNM,2011,15.04,25.96,704.0
Viet Nam,VNM,2012,18.77,36.71,704.0
Viet Nam,VNM,2013,21.12,45.13,704.0
Viet Nam,VNM,2014,22.46,52.43,704.0
Viet Nam,VNM,2015,24.55,58.73,704.0
Viet Nam,VNM,2016,28.48,73.22,704.0
Viet Nam,VNM,2017,44.54,125.31,704.0
Viet Nam,VNM,2018,42.78,132.65,704.0
Viet Nam,VNM,2019,44.81,149.82,704.0
Viet Nam,VNM,2020,53.66,186.01,704.0
Viet Nam,VNM,2021,76.07,278.79,704.0
Viet Nam,VNM,2022,41.15,170.15,704.0
Viet Nam,VNM,2023,43.3,187.82,704.0
Viet Nam,VNM,2024,42.96,204.62,704.0
Viet Nam,VNM,2025,61.4,316.0,704.0
West Bank and Gaza,PSE,1999,14.1,0.6,275.0
West Bank and Gaza,PSE,2000,10.5,0.45,275.0
West Bank and Gaza,PSE,2001,12.8,0.51,275.0
West Bank and Gaza,PSE,2002,11.77,0.42,275.0
West Bank and Gaza,PSE,2003,11.62,0.46,275.0
West Bank and Gaza,PSE,2004,16.89,0.78,275.0
West Bank and Gaza,PSE,2005,61.68,3.16,275.0
West Bank and Gaza,PSE,2006,36.15,1.93,275.0
West Bank and Gaza,PSE,2007,30.15,1.75,275.0
West Bank and Gaza,PSE,2008,24.9,1.82,275.0
West Bank and Gaza,PSE,2009,29.38,2.38,275.0
West Bank and Gaza,PSE,2010,25.3,2.45,275.0
West Bank and Gaza,PSE,2011,24.87,2.78,275.0
West Bank and Gaza,PSE,2012,23.42,2.86,275.0
West Bank and Gaza,PSE,2013,24.03,3.25,275.0
West Bank and Gaza,PSE,2014,22.78,3.19,275.0
West Bank and Gaza,PSE,2015,23.9,3.34,275.0
West Bank and Gaza,PSE,2016,22.01,3.39,275.0
West Bank and Gaza,PSE,2017,24.13,3.89,275.0
West Bank and Gaza,PSE,2018,22.95,3.73,275.0
West Bank and Gaza,PSE,2019,21.93,3.76,275.0
West Bank and Gaza,PSE,2020,22.19,3.45,275.0
West Bank and Gaza,PSE,2021,24.34,4.41,275.0
West Bank and Gaza,PSE,2022,25.55,4.9,275.0
West Bank and Gaza,PSE,2023,24.82,4.63,275.0
West Bank and Gaza,PSE,2024,25.47,4.08,275.0
West Bank and Gaza,PSE,2025,28.79,4.94,275.0
Zambia,ZMB,1995,11.24,0.43,894.0
Zambia,ZMB,1996,6.03,0.22,894.0
Zambia,ZMB,1997,11.66,0.5,894.0
Zambia,ZMB,1998,8.08,0.29,894.0
Zambia,ZMB,1999,8.04,0.27,894.0
Zambia,ZMB,2001,7.33,0.3,894.0
Zambia,ZMB,2003,15.42,0.76,894.0
Zambia,ZMB,2004,26.52,1.65,894.0
Zambia,ZMB,2005,30.21,2.52,894.0
Zambia,ZMB,2006,23.14,2.95,894.0
Zambia,ZMB,2011,13.57,3.18,894.0
Zambia,ZMB,2020,14.98,2.72,894.0
Zambia,ZMB,2021,18.26,4.03,894.0
Zambia,ZMB,2022,13.84,4.04,894.0
Zambia,ZMB,2023,12.53,3.46,894.0
Zambia,ZMB,2024,30.69,7.77,894.0
Zambia,ZMB,2025,51.62,14.91,894.0
Zimbabwe,ZWE,1993,21.9,1.44,716.0
Zimbabwe,ZWE,1994,24.44,1.69,716.0
Zimbabwe,ZWE,1995,29.94,2.13,716.0
Zimbabwe,ZWE,1996,42.45,3.63,716.0
Zimbabwe,ZWE,1997,22.61,1.93,716.0
Zimbabwe,ZWE,1998,14.93,0.96,716.0
Zimbabwe,ZWE,1999,35.86,2.46,716.0
